ds,home_1,home_10,home_11,home_12,home_14,home_16,home_17,home_18,home_2,home_20,home_21,home_22,home_23,home_24,home_26,home_4,home_8,home_13,home_15,home_19,home_25,home_27,home_28,home_3,home_5,home_6,home_7,home_9
2019-12-29 00:00:00,315.34781876478536,778.2812314226586,503.5742901520137,899.1603240622795,1040.5150970370137,856.8541553875574,936.6694837986569,639.2173709986303,1425.3579605990765,1218.1447548986032,582.4955546361114,1369.1541730259262,913.7435938061936,623.9309700444073,488.6757216920482,1523.6989021081038,866.0006973185536,3817.78077698212,2641.196304331101,757.4760610639213,2114.975197104599,4077.485097559589,2747.290887423471,958.7334892907494,2493.3084721289333,1552.3140909023234,693.6258461218576,1723.9544292035216
2019-12-29 00:15:00,356.17536859882574,977.275838848472,612.240793119628,981.7386667211971,1139.8095070836605,890.6813466590639,823.5034920250055,659.9970600564212,1497.383066818209,1228.7212624672204,512.7154418362384,1447.1927251519758,895.1028910405057,562.9493593151535,459.5362381151872,1421.317178947398,910.549933674029,4227.048830946332,3231.7702083812355,885.0536741864455,1795.4751732756242,3425.535865262593,2437.9934473087565,992.6072574158153,2521.83185173694,1499.6740685877376,399.55592383000345,1210.0705194841387
2019-12-29 00:30:00,489.8454058163083,742.0126948436478,535.7296927053686,802.1178189066311,1217.0370769851027,747.3581798588596,737.9743131631262,672.5946929881015,1516.7847165834044,1135.3984557436702,392.6551207414322,1779.5778419095818,834.0958492872061,615.3746977400809,428.0913556441727,1751.3277102296292,643.4989259057239,4092.7670260263476,2934.2830476028894,1448.3761378435872,2379.9379622133706,3357.8015553218115,2977.368182270055,1119.4941624496803,2375.7837901212174,1475.9136092982071,216.66305929640794,1731.3488881398534
2019-12-29 00:45:00,440.14250435977556,849.7112826606121,513.7927162468966,984.1277443498419,1073.8844300870137,821.7201321671814,751.388849250857,630.875884106851,1460.6080057962934,1151.9173507339597,349.1235394002032,1212.4187741576993,834.3374487519537,562.8012944289443,413.85795521857364,1443.7703920949662,609.1186820965175,4136.434209046238,2860.4633015572967,924.5134454745431,2183.2891118922444,2708.468041183505,2406.5985627143286,1146.701664266739,2140.7290045805767,1784.5653738254587,393.97296855347605,1696.228497950377
2019-12-29 01:00:00,456.16481034064054,946.8085820890179,554.7663048188994,766.0813122069123,1309.3491385073014,865.2642925295276,808.6195589502406,646.6835652956192,1391.3132238451974,1169.1484698549878,389.53141646489377,1363.6867908545146,903.3041036433425,502.44437024225954,465.8651503837475,1794.5321410715637,461.4339310137731,3962.7379309416906,3121.0075880045947,566.753289855832,2080.2930784609707,2896.6061437846306,2741.9000173890854,958.1494405069512,2246.030738095021,1452.3067416519202,334.7568777129295,1187.8536600866435
2019-12-29 01:15:00,421.68154875024254,924.4486010321438,550.8598131525164,885.140894986065,1506.811401207068,1014.2636809563047,736.0807286859566,644.9870651645822,1551.4690884705165,1314.9281786522872,492.84900880182715,1493.7571308463557,870.057963058298,426.33273788303444,473.5898598775899,1654.8966622056632,453.53563918260664,4152.6302196031065,2559.356832112331,500.1839133051975,2290.424018064108,3134.306693606421,2977.051404591247,1061.4205822857834,2214.465572046786,1799.4396775946375,653.8282174883484,1476.406777999371
2019-12-29 01:30:00,438.88261574846723,920.1641139457186,642.5137187783118,764.4496169655931,1091.5463052199525,926.222178519508,673.1107234465929,628.178324465803,1325.292323176501,1136.2424039490295,401.31843860989284,1317.395123206694,829.8565521441865,401.3345891370709,416.0919954470778,1163.772865761311,529.6259817667302,3897.5467300151167,3214.6854568799304,968.7761385727653,2334.3772209389713,2610.5031984674756,2534.5604081187225,929.175515357227,2494.5625831700277,1686.6911026013872,607.6216212324314,1662.7191212149996
2019-12-29 01:45:00,557.854452715243,880.0728506903904,720.2263942386345,865.3772821785549,1123.0449591559902,621.1151330597406,871.7536636701501,610.4471826080107,1275.7578839790046,1173.3447146274068,158.70419493874164,1363.9368227174987,739.2461455697767,514.858906911147,335.1220110018478,1796.4382063275234,581.6391964086658,4342.621902568987,2946.2304374313912,1165.439173731284,2305.17957643272,3011.3391313099246,3630.5975393149674,989.087080705092,2479.5509855412392,1545.3817419442005,1485.693028869358,1209.5901114307649
2019-12-29 02:00:00,686.8957406520769,986.484867616428,806.3472210812556,951.596113792688,1136.9000401484625,666.3796602768009,1023.5776507674452,655.1853510363155,1734.133390742174,1048.4346111423529,166.48427681198845,1377.6723757158568,821.0064601500782,495.4267795706686,350.9139369980419,1558.8475798781226,800.6925168693338,4819.056568256448,2813.771233563839,1061.8410596608583,2092.4607128385323,2823.4153475024336,2566.8080326481,840.5967053634454,2328.3879729777846,1562.386712096293,1429.9338073085023,1288.143493674561
2019-12-29 02:15:00,431.43496480087924,810.5072362404686,775.3312556287731,859.7890716103431,1258.1330594781111,715.3696093648307,702.9111769450068,678.8131302677559,1379.5464481456636,1298.7731963787282,157.569229953483,1468.5984589542895,864.8112651280576,445.1198539208696,416.30042971348473,1995.251682375828,843.3287709304715,3396.635716854287,2847.8282651486243,947.0312212723537,2189.307634611897,3035.6927101207343,2965.130598194627,806.4322996349669,2447.617667721888,1360.2961955955882,811.3047062117068,1503.8514896348975
2019-12-29 02:30:00,468.6032457479528,1041.5137354972535,598.3310331943204,982.932659272752,1177.8672966708739,725.6284150021952,621.6959623918219,663.6488236083941,1357.6018352019782,1191.9836143867906,304.82023302466007,1198.6602137671298,788.9924687783887,449.5119251399627,422.0495536641322,1585.6838444893808,803.1801183353996,3530.942236616011,2909.158510705552,627.161530598291,2506.757532951978,3183.896321153233,3092.2981021409087,1095.5094492243059,2431.323278155322,1357.963250715473,658.8549899945785,1399.698392090029
2019-12-29 02:45:00,513.3764306560062,885.9772507791816,557.2245947341721,847.7185687896019,1217.9202422332871,689.427926790651,694.7723756890258,699.9009018672124,1759.8248086544083,1200.077199122496,226.5580278442672,1345.1811679598243,865.057234929239,426.3355717667944,380.0355098968056,1615.1346832942938,789.1682852797135,4537.886346000684,3181.446668617381,900.638649640777,2052.206423939747,3245.1735496381593,2609.28851542061,851.8327197132159,2555.8327657509894,1447.2986650734806,459.4502060392099,1111.0398690358063
2019-12-29 03:00:00,776.3217519307108,1117.5819753950736,803.9294085041839,1026.2047263988911,1411.2028784139109,776.2136721370413,792.9571506894108,745.1096539318003,1378.647158846743,1271.0066075321927,221.57467559152045,1402.1130598449295,862.5426136847573,415.16526784534943,440.18351681463145,1650.7085723396406,658.0623768713093,4170.311616366485,2844.59458772963,880.3110852976154,1942.8238004373202,3318.9904169847114,3275.9241399435473,1008.8623500719452,2597.0486348320032,1471.0469752688496,552.1998954192471,1236.7284782412166
2019-12-29 03:15:00,623.1688588906527,1145.9356825683155,1006.4109869077422,884.1478717813519,1260.089625773866,702.205232456833,902.0493879363601,744.1715632373019,1246.310665354992,1110.6202966880526,222.97969992386606,1790.901671050854,844.0082737373384,546.1969312811841,420.2212415697471,1547.887978777632,776.4551253880619,4198.870173439372,2829.111339942958,918.3735802193768,2558.02646924959,3589.4783993098636,2854.6471154102956,970.9740440943361,2520.383384044515,1520.9622262290181,825.009305223761,1557.3265280810376
2019-12-29 03:30:00,607.4600416305612,1190.2718323478036,1019.5317984463105,1231.5855468956847,984.6846173990657,659.1849513198705,845.6310536832046,835.8483204586922,1809.3906016281608,1315.077404234444,174.1345895829761,2094.2728897488487,867.8484128262584,546.9006887626266,428.90521895795393,2126.2961647801203,665.0797432110522,3608.2896628951676,3504.1988135259435,1407.6123519867217,2295.2656432384038,3607.026098154472,3292.131547469845,1131.8923604263912,2671.7744940242123,1584.512745719751,902.5655788058233,1321.0507234051624
2019-12-29 03:45:00,847.2838701650259,1342.2043502592871,843.2464968052345,915.248462016321,1168.091751355385,670.6149828433289,866.7873805630478,792.8897541651451,1764.5377201512817,1357.8141818214945,316.98547399525313,2220.1693678631455,830.9719671830512,443.23617276419475,379.243638976253,1829.5798749335436,502.8940123189033,4873.28085904239,2888.303730531469,1222.872566479282,2891.3198624326333,3710.763557158757,3247.063827619156,1188.893285581028,2395.363985570329,1316.7847797476625,1096.3663562849508,1446.143050775794
2019-12-29 04:00:00,964.7428050888689,1333.0782107983896,1001.2565320917083,1149.0888754812522,1218.653541955736,823.3196277405938,947.709786482562,881.8638292849697,1531.2724271799452,1078.417637904842,308.14573024056983,2165.6362790332264,883.9405081342778,511.0351714310494,379.8604952596849,1802.3487198437058,499.2586435856444,3680.8083715493963,2843.6733070790656,1396.224807452953,2816.638008940268,3680.2788635410184,2816.9498079122895,1076.2743723534115,2673.4132995957957,1498.9298394731632,1469.9979290191986,1578.388107326876
2019-12-29 04:15:00,694.9713184324839,1198.3327087944654,1071.9373757425335,1020.4370659620365,1057.7529179266048,631.4661533788538,784.8281588652544,922.750674791127,1423.5587922368582,1207.9595124550933,253.322392811068,2388.405025164247,905.5964945352274,437.48534872416434,547.1861071712196,2076.1924834083125,482.3118961881854,3958.1180904795583,3360.7382686791098,1211.9109224377673,2828.358949407035,4021.2175390952684,3163.1564353750855,1406.5162912270996,2381.449407542653,1420.138365688763,2462.013330740489,1352.671115111994
2019-12-29 04:30:00,833.620962833751,1199.0345894699062,1036.2826625948805,1150.9490524743483,1233.428184478426,798.3197756054811,710.2966200318846,846.2304668146343,1533.7695475559485,1149.5295439142153,320.58850037268,2246.2458361085983,841.534830705304,531.4083499461678,758.7760146534083,1648.4058565454131,701.9233406817112,3663.1784120892494,2391.808162845976,1440.9500422281965,2214.1430920221505,3563.5594614888596,2281.0061286924056,1557.3276941794952,2455.693376014221,1478.2001193142514,4927.943452271926,1314.7317736245843
2019-12-29 04:45:00,802.2219447788855,1119.4069295078684,952.6732076415591,1050.9991984437615,1339.3816782827366,864.4965853762795,659.5827128639003,757.5987345325628,1738.9462391289726,1081.1660914683655,395.58653692301004,2355.348174344325,939.5601130591718,613.9686420869543,889.680665740482,2400.057363271043,794.623992524098,3689.043348780957,3360.3963616529995,1581.5302006756524,2368.5681237396034,3880.5434962356285,2665.261044230408,1655.6234449271562,2523.8348126176106,1716.976060327763,5290.931250741151,1617.3897662782042
2019-12-29 05:00:00,884.5599464886218,1125.1214709554233,1157.879665768991,1231.815319673321,1125.8803154019347,636.5864264083199,740.9207174037783,764.5369847757235,1350.8131974896473,1175.4490561716557,427.3887023387376,2541.296473399285,976.4254486754081,547.2016577148124,780.6035808683123,2563.4812498154492,705.1819152117233,3671.3825502330897,3239.8552831045467,1765.5063979884333,2584.8166714858553,3954.2660810922252,2983.6242116293242,1689.3497926046336,2679.541720236574,1360.7323915390982,5859.019560726458,1571.5246949981267
2019-12-29 05:15:00,681.7628098806512,1085.9205092017112,1202.1952335937212,1250.2246769355434,1224.0970965415709,812.0143165896434,982.3858052921053,716.0870693549543,1489.880314760293,1214.6810564662087,513.3336124628509,2264.7335613438313,937.7630473004235,610.4438196096089,783.3322740846897,1585.8841028844008,841.1494493228628,4322.794393112601,2956.963817875767,1720.3061971587156,2298.6845599258145,4128.074957347013,3086.4460948067126,1627.5130113863393,2669.0461822394677,1403.6087506494787,5165.151013579521,1316.8285042937014
2019-12-29 05:30:00,813.8709811728887,1088.3794668932885,862.7477393879351,1220.763709555919,1296.567406219191,986.3603293428868,1057.8912292625982,737.9243904456595,1590.9362427174997,1206.3619687216676,603.8939209630583,2389.6585132572104,997.951746758451,619.2516050685009,767.9220291236718,1444.5476002255177,798.6866373016127,5479.372896961545,3464.437215621102,1680.0266789090124,2792.1831729708233,3883.8575603694,3036.26197343954,1736.2642590345617,2639.2033012256543,1532.7343306379432,2591.95764365699,1558.7038977955492
2019-12-29 05:45:00,988.167563203824,1055.493924348139,1150.8040404450057,1178.5910441144429,1258.9844923681787,821.5088632217946,1161.0419567284525,782.0928058604628,1527.679969155155,1313.6195522685641,632.7659132979584,2420.711030235672,978.0995781782624,795.1149888904663,760.5265000254184,2366.9716034843163,816.6367976481666,5064.461726864114,3159.114047020267,1866.1503217643567,2980.220442003758,3858.5416348293415,2824.66768682572,1599.0916995842108,2684.1419379944377,1463.088102541948,3505.5893855778227,1722.1805939517224
2019-12-29 06:00:00,910.753508014452,1032.4200033215373,1387.2403288494563,1018.7916201834881,1167.480817323529,899.6404086086011,1090.3203767114333,763.3616515593884,1453.9232270672953,1251.9223229672743,611.5693113360824,2528.704028875715,1042.2425831624166,753.8708491023018,716.1181476862739,2365.5628902663125,867.9017473401271,4788.464630344414,3074.4543987048955,1865.5771052380373,3955.6513882593067,4619.404615325986,3404.061931539021,1463.4289572306425,2613.2393062103374,1684.6467392189,4229.407844063236,1542.8173203742156
2019-12-29 06:15:00,905.8971381015396,927.5919777932763,1488.4388341620938,1036.2230292833826,1348.6488635269343,939.1236417991571,950.1733649137674,781.9802798335555,1647.095267693857,1398.3786677001626,611.3589939484002,2418.842194532008,1061.9621066869481,824.4289773515078,719.7811124084295,1792.6851762949254,797.7737401324733,5319.918204251272,3454.123812013155,1810.418088280273,4557.355048735165,3982.976238563325,3179.0203312805465,1736.3849644199056,2567.732168990222,1466.5997142664742,3384.485402964472,1505.336171693637
2019-12-29 06:30:00,833.6919947114277,962.1643181266737,1678.0301463394612,1018.025845534946,1153.2624196544416,889.1042227829245,999.5819245810698,761.2131280122894,1486.4062835433442,1474.5732152462097,787.0959037094567,2378.112240742421,1078.7400126661676,923.2810473961907,764.4974845793441,2148.7274003249636,651.2879999280209,5664.842258677864,2831.467982297697,1823.352933237977,4447.317575887586,4954.639539898249,3470.7582954484387,1681.460955362854,2554.6599261160572,1490.004860835059,3749.388146209465,1858.835286254552
2019-12-29 06:45:00,644.5533029508343,980.4432575774829,1607.90464375404,992.0388041752494,1121.0528102680385,912.1248769563036,966.4928263727589,791.1117655229707,1478.694953922085,1412.797630165916,806.0856560358465,2329.874435071915,1033.0767049778453,1142.2491891344403,628.6427292060577,2173.4408187239706,645.6165602346694,5844.285629613238,3742.560497530046,1698.5256537014939,4007.9694919138874,4674.415154459283,3216.060555684371,1926.2681105961342,2643.7185478413744,1855.8020564713051,4514.200062562916,1668.4108307682159
2019-12-29 07:00:00,623.8296822213018,975.6081027682828,1292.2173481577768,1112.0912718480995,1349.929949534512,1065.8465937893545,1047.5021182314865,850.9394710880879,1597.0579627071822,1452.947873918702,928.3361676551425,2228.1523198235764,1160.9278334073667,1176.212414204176,705.904579122541,2111.440657603099,586.0184100503743,5685.5995997690925,3383.914111781857,1693.991017125161,3168.4597582145147,4392.23716722698,3262.9565246889924,1747.1138886894603,2706.1197983630746,1403.2817896079466,3198.638336206812,1466.8239573746946
2019-12-29 07:15:00,834.2627125071726,1009.8024756580242,1167.5318520215123,1099.3518633960734,1305.6683325848464,909.578738859696,1033.6887996906908,896.2007413869276,1819.270638363434,1411.8669181584153,1050.5000970859448,2315.742294289853,1122.4920375075162,1370.3956670197306,645.9224018296442,2236.7138443075,621.7132206883854,6181.356709627052,3800.7314887446114,1580.0642582276344,5048.396510846641,4457.460819524285,3238.3566146304893,1673.4358730433075,2724.5852397858016,1561.7278148844869,4110.123744279952,1632.8737134307833
2019-12-29 07:30:00,832.21157784225,950.6018623504023,1373.032570555055,1293.9321956387248,1280.4099590165833,992.3522274309425,1106.4126185209943,918.8401927817436,1748.6021399071174,1255.7672426546544,1449.1800731225514,2238.5543066800906,1214.0971521218405,1617.5812979284858,667.8088004532802,2176.6467386559225,649.137971493669,5221.052221172516,3823.0160291598927,1775.2579540901224,4425.851533362558,3879.3685143210696,2908.331698654812,1477.012457750158,2730.963188526899,1612.5320474213365,4090.69852477012,1803.3531992134283
2019-12-29 07:45:00,818.2640453627477,1125.239440646953,1242.4102481113162,1174.3821579613561,1446.9474333551682,1079.5610475392227,1078.0359942599232,943.1842436086826,1468.2088875685174,1479.3562518321428,1284.3142813583147,2061.1564465322913,1240.3563186756523,1872.151375305484,846.2308063758866,2238.107220518176,853.5644333297644,6001.5353876336585,4447.14228350313,1442.9760828390831,5228.580178674539,4540.046090985054,2953.136750117204,1561.648326924498,2571.138108872583,1526.6133355864406,3716.713016841373,1657.886890590888
2019-12-29 08:00:00,914.9903109334783,1043.5470514635426,1158.3351154890474,1147.575004241241,1399.4012015809446,923.9956506525672,992.6975213114754,955.7845609670286,1581.4833029102622,1252.1880116581492,1100.2663616752973,2016.9012393916732,1328.7091312422979,1886.8046294195308,883.333019646027,2189.691437380393,934.3543356491197,6191.728289220092,4071.9040371246797,1697.6874793122063,4729.774195867202,4259.411014477172,2523.8082098923596,1455.3611318114233,2683.443001251614,1749.984582968244,3767.8029647421586,1603.74023425828
2019-12-29 08:15:00,797.4955646509079,1423.9777358558808,1108.5206318127298,1361.8702702928458,1277.4610578091501,994.7146590336134,1094.9592158262856,907.6375024732201,1675.7914474634774,1205.1242421061247,1158.3479752150092,1907.8425646454293,1406.5412181260576,1794.040259498199,941.6509708953041,2400.2592648916343,1021.4431251004228,6345.17547545883,4793.491599573568,1558.6000334803614,4264.11420228125,3849.524228957949,2901.573634506559,1504.63425185392,2876.758559127146,1527.9710933967592,4559.084684788208,1789.372545029594
2019-12-29 08:30:00,861.7535720002785,1117.4155781082445,1174.1747428621163,1282.6490758403236,1277.6497787120795,1040.9966619038746,1331.6004235300468,836.3908695541276,1438.9913966567651,1100.5899011544254,1256.6125764961512,1695.3256305954917,1486.7932042232515,1391.6245087141997,1022.5684656726241,2169.810817578415,1194.418696091758,6350.050205734877,4308.863403155848,1464.8539971656678,4032.3448148905823,4056.9947833041647,2965.5451499016363,1624.7828710722636,3170.945498285012,1538.1023561397976,4114.453838457052,1839.9947646110277
2019-12-29 08:45:00,950.0525779894582,1147.7796435062824,1120.172937551137,1175.146007327271,1214.0424511482643,1012.2694777223626,1151.9336454748068,869.5157848934466,1401.6053903324996,1345.8964909628544,1099.5767114603734,1586.998690449492,1454.1069106627408,1259.058137868996,939.6426677786911,2436.9837728049333,1383.5792450960575,7161.5444912387275,4650.459220326844,1379.828192188698,4378.103608856852,4013.3024324034545,2657.4400063677367,1585.2708722815041,3110.618291744367,1731.4042392358117,3819.5696406691964,1694.5030419672435
2019-12-29 09:00:00,826.7047199088286,1111.8981122841312,1270.3912264906526,1234.5545370201112,1263.6757347696996,1114.2038461256764,867.3067477789529,871.6619078566699,1362.46917179738,989.2218650539296,1104.296809201088,1450.3282847318687,1528.6765114762838,1238.6972927807233,1028.9009618183118,2199.485503853669,1119.6458569822234,7049.111920408372,4309.8103299472,1431.853196169986,5160.719706836865,4183.029623634932,3047.315338740348,1625.4791231460313,2617.8714375861914,1618.191840243831,4693.48083104276,1657.1237818880102
2019-12-29 09:15:00,818.1251667313575,1394.7416497882364,1347.5625059657352,1179.786404393985,1345.822002729235,1097.046996146949,1025.665935657143,833.4422371475922,1450.1563421325466,1265.6661695296555,1133.9568361567128,1496.8553892781483,1406.074465579172,1251.8721505169856,1048.815931425951,2678.358734382414,1039.4069467354955,6844.832034790411,3722.883367447279,1330.7539563111945,5383.139629521648,4374.811913683287,2674.6904791624265,1568.4972867605977,2899.404212879906,1924.1486235751315,4929.015411734347,1796.0615847319193
2019-12-29 09:30:00,740.0712086953242,1189.8514113788212,1187.6927321836513,1140.3104057224277,1323.1062905527338,1128.4703222736325,1122.6230020661217,800.8203159296149,1361.200881446932,1024.5371060086131,1074.71147607933,1275.4336933902614,1603.4690102859279,1291.4166397577071,906.8888252051889,2647.423392266619,1151.6381392372762,7039.138306626351,3745.6126071883114,1375.80945417896,5291.355134632664,4022.2466303660544,3241.0956876645478,1473.344077823683,2580.4794840796526,1634.9916939219065,5434.163014641529,1355.5892637382153
2019-12-29 09:45:00,853.2399744705904,1276.15617583121,1153.0957252167411,1185.7948729063205,1576.048950543138,1083.3333122999018,1208.4829130785927,803.6659013153554,1375.2817347293208,1036.6057263883674,945.731737892439,1136.294271632058,1930.4755650348393,1133.6687345402943,1189.4783957399031,2106.8394936759396,1382.7685702156004,5830.281217129568,3625.891296847341,1357.7314598784792,4518.081056153002,4153.275231451253,3070.8932274944978,1368.8976840051785,3014.807434347039,1679.5919074614,5754.811404999029,1265.2969122448787
2019-12-29 10:00:00,845.1411621661218,1369.8178084530969,1297.6035869290877,1115.2663049022283,1438.5411705135543,1088.4516279923178,1232.9181209734395,779.684913253446,1187.3119647443327,1111.2284106397792,902.8266117112712,1323.8525116489773,1695.3051094085545,1043.890776393385,1464.7377179107502,2137.8829550161854,1265.3106514141064,6430.288983336537,3331.058895106653,1344.0886887668696,5074.737431218125,4951.68969034421,3516.5173043534455,1268.3340085228783,2992.9093229785644,2013.3312196658385,4314.340505836019,1865.9895349060941
2019-12-29 10:15:00,849.4991087714703,1238.3904046361743,1077.4984655583717,1087.3645923997108,1250.0591720559278,1115.3352977361862,1317.060744924732,817.4401050123801,1364.3465732548286,1224.5464649660057,971.6431156521504,1157.4681065551497,1578.389639040823,961.1650904466807,1859.8156455114413,2786.0532140416058,1224.2837305815438,8308.78970095636,3071.81214907597,1275.3401883603813,4563.709104759474,5031.994952016982,3076.793556524309,1316.6039934285886,2984.7186650835843,1831.8176475750126,5496.151279485767,2100.069384261387
2019-12-29 10:30:00,852.8543353320142,1235.5326729895112,1310.4537431847284,1053.6855245452005,1388.650077155066,1122.5441661459452,1514.8848050191025,776.0660030558358,1325.33283799478,1159.1917534483273,941.7778731614585,967.5659502509645,1544.701126656733,871.5679110298585,1899.9506523010275,2407.7676958467678,1134.0779044897076,7991.207987061029,2931.30083196339,1180.6537588433855,3676.673926330424,4670.8564472983535,3391.7228993560852,1183.8229088247592,3777.253525672358,1987.1874142702547,4920.114108560885,1976.9208627300848
2019-12-29 10:45:00,1123.9114454098913,1278.6621542436576,1360.046244580975,975.2603055125212,1351.3171304446084,1091.2076553616778,1578.5815992858268,798.9334517197376,1307.3980976309097,1046.1873717912047,1102.606000877643,1330.413730205588,1391.205579235294,905.4114438691242,2155.7084783270907,1587.7035462500914,961.2481313484077,6650.086048412597,2835.2132885790847,1389.4482255560108,4411.887928709279,4358.124150781826,2968.1284364099115,1409.4957550570941,3291.505929211855,1726.3891908890073,4409.683903800324,1836.0891748260633
2019-12-29 11:00:00,964.1680112467093,1196.5524449898337,1322.4404321331672,957.1372560977378,1348.9357134055483,1050.1709329807718,1356.4951817029112,788.72170723215,1313.8890307566392,1086.1799306328542,1466.1231218483792,1068.185445449541,1467.2107455993132,958.8172487665405,2091.374911189567,1737.2147245268975,829.5817034135681,6327.399336442206,2777.929163881056,1430.446054892653,4105.022758690606,3958.4182923974813,3262.2748015849697,1550.6967291403867,3062.096351398771,1507.8408817801242,4855.037402135919,2017.9748847347716
2019-12-29 11:15:00,973.2185627797237,1175.832895860865,1420.5704977536955,1015.3986526098857,1382.2068161042039,866.8769631305541,1162.969929874357,791.4855343634935,1531.0927307995464,1031.6720882887253,1081.993594621984,1051.5306880112669,1482.0578195600835,992.1747448532133,2503.6451841041053,1957.5684739255055,812.339419895853,7367.134082358469,2712.093988965834,1434.2919258949394,4230.415765664877,5301.655244242767,2816.2213166407455,1654.429863322965,2605.5365078851546,1676.5829897514589,4873.413958399542,1850.469069811617
2019-12-29 11:30:00,1257.6864900239068,1116.4777547056747,1721.3005861713389,976.623939941644,1466.7670491196004,1030.0449848247063,1187.0928613206788,823.4790907646329,1405.3053220855893,1122.7206236128015,1182.8206605861972,1245.4959819359676,1293.3939491278372,1108.73072012609,2335.8283288461053,2150.1944326282137,1052.287220636246,6119.153118637232,2765.8852516197253,1379.6845181105045,4263.2841883624205,4487.60948290004,2717.043471266158,1710.368678359613,2573.739793113816,1622.8207985534686,4602.297376801088,2006.317207142414
2019-12-29 11:45:00,1268.247356872181,1033.0928577661693,1426.44459566029,986.3844237366217,1304.550731617609,958.6246389976052,1236.4241346490578,916.9571583336825,1495.9408014190726,1115.4734766393651,1090.8283288019625,1088.6615140842478,1342.306636078065,1374.6888766398579,1863.230423622524,2296.244225477815,1107.431320686233,6104.151992997381,2732.9401982745876,1268.0098643510944,4044.4323684358,4822.765015137139,2633.911070370393,1802.6311781081715,2415.771667173143,1738.2195105851952,4864.933529983977,1760.016111387061
2019-12-29 12:00:00,1240.2468470150513,1131.428855746274,1315.2595266915393,1061.2587747887878,1172.3739826194758,1060.087838343887,1177.4870643617244,899.8242703818295,1464.5033936251798,1033.375845097547,1111.4093280310065,1129.303854288505,1416.7402931273207,1248.277398649487,2243.210912637715,2039.77920337122,1085.502202542722,6733.236065889028,2811.8952201769794,1251.7202074642817,4632.853321454885,4168.896000750271,2571.8748686011636,1758.628067469172,2633.8516416979855,1837.7484122826877,4552.636137290458,1824.7360882054572
2019-12-29 12:15:00,1373.10104227098,1137.9604834605684,1256.888406132171,1005.3511503451085,1343.4463270238768,987.2470656024243,1175.1349028547688,987.017402293735,1257.193687848065,1108.8770773599342,1168.8085366939208,1155.1322156583878,1231.538012142177,1258.6047617488166,1880.8755989475962,1888.0660660507326,952.3778682335926,6063.1023284296825,3645.757480864467,1322.406117163466,3881.3760491393787,4546.876130159993,2750.5161564758246,1816.9982397076078,2781.0836061687787,1602.5051868614423,5059.391385807572,2000.6629628368225
2019-12-29 12:30:00,1494.502459945923,1097.4394105400547,1247.5075052488667,1062.8693849598662,1239.5733098755602,1049.4836186577063,1222.9727483039726,962.9880107498523,1381.845196051558,957.3315765083433,1131.9225463580924,1136.4508912051579,1091.9664346323411,1250.8651712355424,1816.934082815718,2438.7849737272463,858.1278292667722,5961.348839471853,3814.1783141932087,1555.6752903537133,3998.9969119582815,5139.160249626758,2591.9518578204115,1748.5493079050468,2942.8457032753076,1714.3292808597157,5234.434876647643,1811.2922062071634
2019-12-29 12:45:00,1230.2580262294082,1043.0695454810766,1442.0609021433813,1024.7370863956667,1483.1737890733557,981.1924126804885,1277.4467241043226,884.9553693225719,1407.5009771872433,756.2878212914062,1114.036948685304,1232.6495418511658,1169.6917170914896,1178.7550340286195,1880.0231013199702,2033.403075026789,800.0942174264123,5034.690855927066,2891.9497318351023,1289.0575760823413,3729.0700578022092,4307.443925681999,2687.9596346817516,1857.5424554740844,2884.4077132568264,1526.9233999038486,5521.696160293731,1769.276219963446
2019-12-29 13:00:00,1244.9459347826867,1095.5558677998245,1713.9674900379964,1174.3003052421602,1255.0300760567534,1078.5396324202482,1275.3959204101673,910.9413382566835,1199.9820442455746,857.9078504134452,1214.9367726443982,1597.6677889180883,1126.5383942430656,1270.968949243835,2167.4310623969814,2095.451203333031,821.8476859624362,5609.547208716107,3320.8551988770455,1310.3510028374615,3030.058921581724,5260.324848646071,2468.78840742446,1980.3897880086838,3045.8220642701262,1444.4569450504766,5375.567266236171,1914.0953040152363
2019-12-29 13:15:00,1374.6126463349883,1128.054659921343,1453.1978613133622,1241.8003818891364,1574.6880610048631,1041.1125618632425,1248.9835777160097,902.6634244694382,1656.6293663523918,806.7641304071338,981.0693541988628,1255.837600346904,1192.4350986722498,1311.759707666306,1892.1264252711542,1678.2180085118043,1083.7497920486294,5553.240382708719,3400.165589452286,1419.3727690467622,3520.6160075474395,4272.244188097274,2825.109088449875,1683.6477813942913,2778.269180500279,1670.2485301898,4927.124943326938,1962.4174697459835
2019-12-29 13:30:00,1585.5053156494143,1012.7661350357461,1689.8380770817928,1517.8113524217806,1231.1427480662987,1009.2335500361543,1227.5720115112726,968.1226483557957,1294.8111546267169,809.6433152966553,1033.0103976749292,1200.2587416175543,1161.4622640306504,1246.041163649377,1772.6423374019007,2266.4222831885895,1166.9717318888202,5850.50845520098,3825.8922646445644,1113.3805548535365,3463.484517296596,3820.3209505924633,2695.005855405104,1806.3078159879306,2715.7092165279983,1397.8587226071807,4612.449304850644,1698.2428131971726
2019-12-29 13:45:00,1235.1608318796925,1102.4149371600126,1412.0836997514032,1562.6506924907771,1391.5483119365451,1029.2545162693348,1269.5427402740559,935.1989069822142,1221.2836506804902,817.5351073503969,1015.8352564583686,1297.6106552691676,1118.5595791172175,1251.333418623299,1754.2355009944533,2002.1626297553942,1104.6151241145838,5728.135668648276,4705.423969765823,1117.1964813731845,3620.8814010301217,4652.045170838536,2236.9461679832666,1590.5035753912819,2939.3995518759657,1486.7620719052702,4987.012063086105,1649.9829090167375
2019-12-29 14:00:00,1233.7128197296593,1129.8677730946547,1464.4041462845835,1346.6175111227024,1217.6161863807881,1209.4812312734468,1156.1901251026095,964.9350053961408,1558.9836821466859,845.4002216472597,1059.7504744234325,1156.979523603887,1220.6160960260909,1186.8265001562058,1736.3008202851638,1635.5246800899085,1062.4404148004085,6250.6340546288875,3825.860558512066,1165.4971464731111,3437.0488734122155,4488.13148784185,2704.3061962219363,1726.6177533367147,2771.253787716645,1388.2750260313153,4975.993833488175,1860.8116612405474
2019-12-29 14:15:00,1540.3200173998328,1052.170405899254,1298.058735487499,1576.748603889361,1328.4852376540232,999.7334442791699,1173.0441354567765,889.8300335041315,1346.9324687548826,900.156603801157,1189.0364816770373,1252.40426628756,1155.1092399724082,1112.5949954813702,1832.4722196613711,2968.7666035754773,1010.4529464102202,5251.154124238798,3879.362616836343,1384.5260195160272,3373.407558729649,4513.577965626921,2352.631668487044,1755.1713160711038,2834.886965896816,1488.7736684929996,5153.007790447495,1877.2048603514297
2019-12-29 14:30:00,1330.245600117034,1158.6442595287212,1564.8412828858284,1468.7592254424997,1341.1733600945008,1200.7989918648489,1223.6651262727414,822.3592889320929,1208.9995415369865,819.5760537289805,1241.8804930314377,1253.2123944444882,1136.5016856295708,1082.8786192729394,1875.7267576862873,1846.7422474147875,835.0920227075484,6282.455312645938,3267.4386310869945,1381.5583158463673,3507.8867608438413,5264.632300106945,2207.4985451197617,1819.070008023427,2857.3174955496193,1960.9001539987219,4964.165882882777,1608.3076846534204
2019-12-29 14:45:00,1186.8845901180591,1169.1923569672415,1300.0461908808923,1725.509602269177,1132.4995191459757,1142.6263028946894,1298.2886965647763,798.3085453170585,1550.2057911815605,936.5067050769735,1120.7095933014286,1284.4976177136557,1211.628110867326,1180.4452124196785,1557.2831854944404,1691.2197392425403,775.7941043510253,5777.9647870404515,3473.6667752316566,1557.7266683050063,3023.0935740759433,3900.262499643237,2755.242496508379,1943.5819787979192,3082.9786508768943,1791.078298204248,5443.579339481778,1750.7272004221138
2019-12-29 15:00:00,1313.260520761251,1352.0575736066978,1465.6765370681242,1479.5081175096882,1484.988743684953,970.8283386532756,1221.6252997317533,839.302047993065,1441.9605186953222,929.6024062317454,1233.1820848349357,1368.6384832365097,1203.8525594306157,1177.5868652657232,1794.1239481600724,2554.9514722390068,1117.3722253129,5524.149597154555,3510.871087298359,1529.6081518485446,3275.293895995206,4951.9931346284175,2155.5305642455055,1909.2085733680394,2799.1425717967168,1742.0743065445115,5580.779711546988,1951.317999270625
2019-12-29 15:15:00,1676.710821865407,1196.3756610230187,1376.2821137205972,1490.6218584278101,1496.5984634734564,1007.9102733226869,1204.0353704239521,836.706926025844,1311.1686334813107,953.5642739633253,1245.8465592888178,1310.198314805102,1219.105246944047,1338.4056039695934,1645.6532399203986,2439.638855868355,1427.5774405214465,5708.725249411865,3149.37252430136,1850.8192847232103,3149.4110685503374,4228.46576004968,2619.345708551871,1797.8345614354507,3172.694898359941,1647.670156573453,4229.341646126845,1720.3788220590961
2019-12-29 15:30:00,1354.6568113454023,1347.3305225991946,1367.2587388812492,1774.6311946211874,1206.6374960808575,1163.668550830898,1202.8239374460143,914.8208649860178,1441.3861817040888,985.2119644075439,1349.714570002792,1279.974004828206,1251.7997979911572,1285.1274965767047,1498.1375573629066,1840.51071655042,1267.6833982675498,5089.25203513983,3978.1319996153125,1776.2087916476833,3497.637397756067,4442.051711049951,2576.953525524222,2035.0750093805655,3499.710299201964,1888.8355221324819,5314.703567632738,1709.4459519080297
2019-12-29 15:45:00,1431.088825795607,1582.1591940075045,1361.940720949092,1539.1631445889254,1654.967478247119,995.9974809040926,1455.0485294717075,933.4269218381902,1718.489572525628,969.3830678624716,1327.1993516737166,1514.7238346687843,1241.2221209535312,1372.7518869089106,1976.7706650132907,2077.259344511724,1514.3519543511593,5554.961081340567,4300.458215512163,1525.1837945911855,3326.4195492197864,4496.347096410721,2552.379360643654,1970.0536073920264,3338.6338893411416,1811.599994260435,5010.576852120144,1884.4263620723175
2019-12-29 16:00:00,1725.4008994239343,1522.8095101058911,1254.248174989402,1448.4534932148197,1444.810797631797,1206.701566374935,1381.9390365523875,1001.0655914479031,1384.4934453489782,1055.9117523327366,1650.848639453127,1268.4631833382066,1677.7269812549634,1309.3299411671717,1626.6345623719812,1843.583028690098,1609.9929653258473,5442.93851761481,4138.082755575469,1992.2971734666073,3528.734477756531,4132.113000744171,2535.63444961915,2121.798400490716,3356.7349557805915,1927.182066886232,5422.332658951938,1915.3666071669645
2019-12-29 16:15:00,1514.6412196140732,1233.650147238772,1228.4648134311444,1456.783977738212,1421.7771574614853,1312.7280040197131,1180.1872539901738,1173.664158075837,1549.0134337390189,951.0299049354646,1337.9686369336016,1414.3134255149498,1729.5986534721974,1316.7631945989312,1679.2702004087141,2230.6425425171233,1545.6907122570972,5663.122076717576,3797.4005409358347,1934.0899782827428,3319.524968178074,5326.597120559498,2413.866716024986,1974.291154541426,3345.560812309075,1904.6388010942305,5174.753621905932,1758.7090896143075
2019-12-29 16:30:00,1442.028482241092,1365.0033443614022,1332.0061948093046,1487.0010719050729,1510.304684339318,1235.6839322803116,1246.4684732123644,1049.6189735782802,1835.0941074466584,1178.3863866047266,1214.6526877032813,1398.5065614895905,1430.7199688724622,1266.7224884275054,1666.409351844245,3026.192753422647,1530.2941164285157,6334.773368622392,3152.000570749714,2101.3871927295145,3519.7560907002285,4997.16973930181,3170.751987875326,2081.8065537559614,3427.8985857503512,1924.7663448036978,4683.579233928275,1804.6603259749052
2019-12-29 16:45:00,1803.7503969288625,1294.5054254423565,1338.2961970952517,1707.078374204305,1434.6487492805973,1273.7468218237514,1215.7603463384748,994.3653825095444,1646.063647081915,1077.4386135539178,1343.3891570028932,1314.3018577061566,1423.4225070136554,1233.6310764451077,1490.4461966629378,1793.0124305090326,1779.1711952636347,5918.744663080203,3490.611156613365,2235.6281218551426,3229.306236735378,5481.648953232696,2510.504940283136,2190.2642714220356,3566.7961451831798,1984.7886794076014,3845.2154145327104,2085.245342623758
2019-12-29 17:00:00,2126.6754526635154,1293.7579225788859,1322.0858974175762,1434.0560881720548,1588.897230633402,1306.073944478173,1227.3311328004086,1162.2150078219188,1624.8154851940674,1008.2160806180957,1290.5185487717292,1547.0017461764137,1420.6282098609638,1242.748084847011,1354.015088235576,2119.356352058177,1889.2351432573496,5435.407561478723,3719.7568388076097,2043.1537000767792,3367.219677794664,5331.110429484003,2932.4442544709614,2087.3372759413087,3537.6797626628168,1799.0562042310653,4953.362183921546,2087.0139456139686
2019-12-29 17:15:00,2070.3002302127315,1267.8690079255286,1406.6451949849761,1639.720811326787,1837.2065342655567,1305.926658594989,1194.2437355114253,1100.5205285135555,1733.0044972278383,1148.7764021900002,1220.406239160307,1438.017647883441,1543.2586655216844,1191.5934249950803,1343.8907976108733,1757.00043053411,1651.9929276451815,5529.198499088629,3059.101589032817,2305.453251725187,3181.0156870375827,5003.602268538305,2674.7101344810953,2331.033771229186,3295.1130703957824,1648.6583793535879,5248.54963335761,1994.1616889311554
2019-12-29 17:30:00,1473.089716686113,1258.0418741296464,1593.0176114646883,1519.647852902246,1518.9666930768526,1336.067877420781,1246.1398261600896,1021.7450238867451,1768.7573040925286,1155.3272159736769,1540.3802549551024,1481.6047816901832,1353.9163521192716,1251.0807569059727,1188.1828544195525,1902.5628080642698,1502.115872047959,5218.754911637429,3658.0145452494444,2092.719163114548,3358.257567849249,6007.646570424686,2085.1451376312757,2019.2396724078644,3477.2014720251814,1728.3262539909576,5140.083546471859,2162.9465608812616
2019-12-29 17:45:00,1442.4729750118834,1339.771739990706,1192.6679494472073,1327.3711587371256,1453.5226139370243,1290.427797341398,1040.5882319565321,1066.8323323359493,1556.0533384141452,1118.5875441564122,1260.566211796791,1412.131541799274,1407.7474071221238,1199.8726357055025,1101.4549625929071,2209.9998480829436,1388.613105869872,5705.9726643387085,3319.834419774874,2154.835387149794,3208.32806018084,5024.776509328638,3218.691232990115,2258.4723214999826,3577.427911746811,1880.21381664732,4821.0264473406505,2052.889059300334
2019-12-29 18:00:00,1668.7771306452873,1245.8134255951054,1277.836938544469,1921.2137636206205,1608.7674049714062,1303.12400088673,1089.7456533246611,1022.5401013215329,2057.702656063376,1192.8517544293938,1163.8536329277154,1405.8542746976711,1472.3079344728628,1263.5696826441838,1117.420984293303,2320.6598885348985,1404.7407677440583,5111.516986986203,3646.3133182839383,2004.6028834174415,3335.0596007565555,4992.4503051384045,2121.8992040423013,2172.0773935731518,3204.9024021200553,2063.4150008930633,4404.624242443183,2053.060963770166
2019-12-29 18:15:00,1643.4658346698193,1115.2875232532044,1436.0388682945443,1449.5768890617712,1373.948018437433,1214.9748563937305,1155.1925540025322,1039.7405435170854,1857.8512057372568,1078.231438903544,1325.7094508688785,1322.5216337098097,1429.8813014177795,1200.4713120605677,1335.9219687404036,1623.370715356121,1194.8131030094778,5620.374712523743,3861.0375329411577,2056.546238700456,3358.7779283411587,4926.0381345670185,2797.0683704097464,2232.6483451323143,3180.1287147279486,1983.2340680973284,3763.1071140339786,2119.4971633179653
2019-12-29 18:30:00,1750.1832657097611,1168.8315710033942,1600.8190840985087,1409.4011910498625,1340.7337733818483,1187.3148938427867,1132.3515048112592,942.2336583119404,1630.7112889027737,1102.5595867978977,1202.5012855298812,1461.5126616456682,1232.5536059462406,1185.5855192910974,1062.352386029851,1542.6420329733548,1285.6752780330978,5742.124035356811,4130.7619598057745,1983.659111835712,3592.9270077191386,4613.963993005204,2232.765169126193,2031.8896198603466,3271.9970687587424,1964.8144640285445,3735.485204650138,2365.4883307016953
2019-12-29 18:45:00,1536.3934283594847,1291.8527659046047,1392.3182066936822,1409.9732232042988,1829.0548861132854,1083.2678349689693,1172.0654929596326,950.9594800739541,1677.9427369402376,994.0427190781294,1070.592049396476,1339.5579086064135,1275.7825407474375,1172.7144388290665,958.8764060496861,1924.6589573066644,1289.7078893661378,5554.9617843125425,3355.3687310991872,1860.0277898483998,3589.1196330762423,5392.782818748354,2636.797641052094,2465.117785926521,2819.0519931639706,1923.5345666322728,3441.8051085261245,2336.104984235992
2019-12-29 19:00:00,1649.2060078931704,1322.8391645607996,1413.103593549719,1472.8357548613124,1399.792991888304,1104.7263390799922,1184.2857046360623,1003.4445277421327,1722.7035104296613,1141.3311836547798,1487.853722814654,1417.6026847990036,1209.15433696673,1085.3607170937514,946.2080841821886,1700.2484317710973,1309.4510827050494,6056.79869012741,3564.397174941786,2173.186702685801,3753.9096177680294,5245.0649498651055,3010.5138690687186,2099.6558225349886,3029.4335070785664,1971.5831342980264,2396.9448579918885,2128.8553478785607
2019-12-29 19:15:00,1390.4654762877724,1290.0990830811095,1255.5820289683263,1418.3889602238266,1389.291046106055,1053.3690458046703,1322.6503707078405,1031.8419442322977,1651.9220487396522,1010.8332673011125,1325.7015051913559,1448.3973353913925,1255.4923598572852,1200.2468476137124,937.5131329857518,1877.272635034772,1151.8023046169922,5380.387720808213,3193.244368654986,1954.9921382275425,3470.70221600346,5093.0270882401255,2983.7710082965095,1977.456279040673,2807.3063850726353,2059.278654002954,2100.506881814443,2265.816153541326
2019-12-29 19:30:00,1371.5946328428458,1464.5880940179416,1432.1137436033553,1452.298753259435,1691.8593630413316,1066.8091833273074,925.6573536593385,971.2588830347913,1785.9504888831564,1115.2231206705503,1062.0923994012624,1382.0735550554346,1093.3611306779278,1179.7017144304946,853.8016829638976,1740.262245560942,977.1521735295593,6252.654704877461,3354.064293967347,1904.459346423155,2964.0897969976763,5532.396361662316,3558.63479480781,1643.3411947302814,2824.577639613722,2294.1015638706226,1904.3450536086102,2469.159333862719
2019-12-29 19:45:00,1122.920214900252,1242.8101728427562,1225.2224866238985,1187.4869047803963,1207.5815307345779,1055.4930057124186,1088.53565434936,930.4937113179501,1687.242741087844,904.8340761273497,1178.8381702797099,1465.5275712186356,1241.5655085529486,1082.8148245991877,822.1215112195605,1336.7915979495926,1034.3134276020912,4595.712060603375,2834.416618953708,1915.153505785403,2640.6621459300636,4622.103337698076,3092.1613749996773,1657.4393235687942,2814.9668418686583,2283.286834112966,2040.6360086455459,2144.690971234946
2019-12-29 20:00:00,1019.7808293848807,1188.0789733738811,1201.3034645664575,1318.9369914248737,1213.282566146028,960.0903429478766,1104.5239576058946,882.9371122880325,1487.5135821053555,1116.003113560838,1260.7805905825965,1345.857839687856,1082.669575192735,1165.0988956620326,837.528187487142,1776.998043482884,1186.994316907482,5072.160362727837,2887.9536435504497,1828.723363216604,2700.9309373244378,5471.540111044201,3160.849755218601,1736.7332784839755,3025.476251419108,2321.8569564582904,1985.6563684435414,2121.665919680597
2019-12-29 20:15:00,1060.456164170979,1321.14985546505,1209.769156613349,1145.5616390599673,1445.8529386852886,911.0627686458029,1120.8453272703855,811.3458413017886,1607.6424697841915,993.7972572481162,1056.4698633866667,1490.5564600501252,1082.5347276388227,1149.375463984232,796.3702085741493,1579.843696784214,1162.5767299933743,4391.543497558802,3622.5683290245424,1827.088157142491,3297.5182590602067,5768.958661608581,3525.110240371133,1729.0105655011848,2879.517210277573,2183.0484754849435,1969.1522693113889,2342.5311310919683
2019-12-29 20:30:00,1121.202341728784,1118.4692284351881,1154.4571176699544,1336.1487267816267,1282.2826526947604,972.5405242340422,992.1459076065562,759.3120826521572,1801.5272295187465,1075.4784252528164,1200.7992300674784,1324.3134177724723,1038.8635463085411,1194.3429013908387,691.9285612928923,1425.7719020224872,1113.8240304090627,4646.86483707223,3899.8386239426213,1666.2220407215764,3243.210632275101,5586.734475393128,3089.72382447479,1791.9806291865848,2890.5422245531918,2041.6130468510867,2348.0987177290344,2531.414189947366
2019-12-29 20:45:00,950.7800874818493,1130.6597428976397,929.9374729137502,1073.2583953168769,1234.378346769033,959.8190110329973,1005.7207138629585,719.4735912925868,1422.6902271561432,920.8634369386012,1452.6664651173346,1327.176345850076,962.1703044421608,1483.755743597446,581.8669844668187,1258.7904695992179,1049.3332339723233,4469.1447208394975,3517.4336630445896,1855.7785828207689,3081.758886679768,5508.780459197149,3136.5904826647647,1682.1336108635026,2734.0243619449757,2133.4439960032505,2713.0256731998447,2287.491212313598
2019-12-29 21:00:00,862.3741228899664,1058.3281351073792,932.8296846423416,1051.4356566645818,1402.4865952337461,748.3762379545024,1197.2730970915595,723.668502428346,1392.3609812047628,1087.7645817207604,989.5163931978152,1288.2646390563473,1014.947690381973,1295.592834288353,530.469370293051,1673.691302853355,864.7672448638972,4832.856422435257,3096.1735749863856,1692.719308929195,3487.062278679462,5294.194600464062,2645.850768231202,1532.593948237129,2801.2393753457472,1986.5388030871798,3897.866454831932,2196.695385687704
2019-12-29 21:15:00,742.5875248922525,1154.7157016160054,931.979177980536,1066.682026560111,1228.983254764439,872.3077910801426,1084.1084221272738,679.8897498796917,1791.6234528583232,783.4459200575013,1082.4135243514136,1319.6009918092693,1009.1031984420039,1277.8452945860186,510.61596165256066,1423.6163855775114,897.6560530246327,4402.570031520698,3153.559094295183,1849.2149132116417,2563.2936293799576,5999.273269891927,2891.5081889844346,1372.1178541533416,2760.462065356533,1860.230429088486,2748.0269962407547,2263.072520576024
2019-12-29 21:30:00,824.3774877991748,1019.0657560995941,783.4671632488894,959.3588756995055,1199.2435842697241,905.9292975575554,965.9497707804304,674.0295253573597,1459.7829751996985,1013.4748781669681,899.5495036621012,1248.7093097185725,934.2706789415237,1324.7529112587881,485.09568623292716,1257.7243956438301,1089.6670827171974,5043.969739319349,2974.291481218513,1858.0271080881646,2343.5879423549914,5439.408404256953,2432.194515356376,1292.323450053696,2784.2325413060817,1706.7294865324893,1862.3010451870368,2125.8314650599295
2019-12-29 21:45:00,938.3028987561236,1095.3932369422957,740.5087477502693,918.9769590370283,1239.0686677853205,739.9610518635595,977.214797092489,660.5940928790678,1331.3891840112135,938.5406098556698,721.1106391739758,1337.957893256153,941.2021766171372,1146.1744582720519,498.95849369752216,1228.0911836336338,1174.0575870727405,4170.328980128031,3365.4578071689684,1665.103481362884,2437.1271214597336,5822.726686428825,2903.8164217178946,1284.608648669015,2717.1824848124506,1675.4287917031102,1447.9478904133784,2178.4392224217236
2019-12-29 22:00:00,898.0506589330338,924.9055140201322,640.478034140214,1003.7586618537821,1145.8122600917031,691.3084275781861,1004.0639032174771,685.0928581656385,1817.5530849045338,987.4108428703278,813.9654755988882,1399.4085407667199,1016.0503794110133,1209.0392763351288,663.1850603129931,1109.2272357468078,1047.5106227257027,4859.52615812032,3133.025622214834,1763.7058945002009,1996.822141266631,5211.6838151345755,2673.4357779313564,1370.9607991334778,2597.267484488738,1878.4744028120442,1073.0511416035838,2470.1222152513615
2019-12-29 22:15:00,1011.8321736564343,1127.2214893809,533.3770572015972,915.7314625454172,1244.1619031134749,831.6002640007312,1036.7878299825634,690.60953507772,1492.6951308872146,981.1661799220299,698.9318354049908,1393.1157292052226,1047.2490410210003,1250.6768838582402,724.1071041249672,1158.453427449359,939.1780064944563,4350.161130469996,3348.6781123370597,1443.5788048504858,2074.881527252262,5004.007570793935,2736.1831820222224,1481.4602726445014,2607.030750583947,1736.5422329743903,914.2280564838942,2317.122015752987
2019-12-29 22:30:00,942.6697673353427,936.1158269268947,648.9924554719498,1055.5901920178403,1161.2188606002626,703.426168517675,1200.186719290945,672.6484556445805,1162.827859433833,998.8411730093294,429.62611442133357,1294.9982837018113,1018.777246706435,1066.2349780248524,777.460464094349,1274.9280402283055,821.2984938884259,5362.543344229408,3003.0575125677374,1540.9025171333399,2428.313676890159,5138.767880993044,2493.4693453112604,1223.0504589717202,2561.7635005976576,1805.6935940983064,1072.313099291853,2072.2005356483583
2019-12-29 22:45:00,643.4330825638333,1104.5791718245337,709.3393072612134,894.7872126477183,1161.8842887930543,738.3697781244056,1148.7005125830979,675.7435519267485,1505.4407511580039,871.5772419029305,439.2970309482713,1382.9633833088749,912.2645205090216,1139.572531582999,874.1369708366329,1281.8443495193394,933.0718252361822,3600.932124353239,3879.1447180483738,1384.7783071184547,2660.71801777325,4462.557518019411,3173.0002973684796,1510.288006845701,2535.7792877751394,1769.7549091419387,1076.3635215173947,2138.736034969397
2019-12-29 23:00:00,596.1142496457995,854.4892212095361,548.5562379581174,955.6467967758925,1235.5974051877492,831.0182582277861,787.343279005808,684.810018654897,1499.7560336686888,930.7913226219625,352.514883898001,1348.0799712099654,935.2320559451167,961.9833694283033,971.7284268516677,1277.3406768590753,1035.1719534407107,5270.689239910775,3725.7822518428593,1446.8932269878756,2612.2359433129373,4377.011086733561,2535.6259666303804,1438.6513201266075,2597.3325156901233,1656.4581619002863,1396.0382514955654,2077.217123784335
2019-12-29 23:15:00,527.7185689689115,1043.0457870372168,513.8593034388991,868.5299336796837,1103.6365634551082,812.4400079566454,1003.3220557655694,693.9011422000438,1164.1831888898291,878.8253226594879,384.5905500524779,1366.9683483579438,824.9661727178784,641.9328208439949,832.7384485584415,1311.9454919158584,932.5234582309492,3582.1586118985724,2734.834596199133,1514.244763847844,2739.9253228488365,4088.031606332768,2947.3387667955167,1364.0717335705283,2637.530915732088,1683.086989025994,999.6664883105032,1986.755558003815
2019-12-29 23:30:00,496.33529232454,841.6206833578467,439.322858045916,832.3744843064482,1260.7167245925602,621.2341048960387,1075.3982776227097,690.9424130653953,1494.2158467070456,793.6843248538102,275.077786250431,1319.8787164758548,891.1597450092289,561.3883613918796,1061.7015940311476,1044.5138551671798,896.9536326401239,4719.25950714677,3728.956199644403,1271.6618640107467,2082.4722461344813,3980.0932544827874,2415.3640469288594,1339.642649015564,2609.6211957752394,1749.4831484595295,890.8460590107231,1674.1113998397725
2019-12-29 23:45:00,473.3258026003449,973.0425814278286,453.80505909230186,931.2592479426137,1299.5433358399578,753.1284069659881,1023.3662861167588,712.1142846886872,1726.229404649816,901.828044804972,299.7540038567823,1469.2656035404416,942.4325940780722,514.7099108097425,941.7783549361961,911.2396329709121,873.3606042500863,4095.739607769099,3191.2040750441074,1193.5091280411666,2606.0049929209617,4380.539419094359,2808.0394459801587,1598.2877275368262,2505.9088803932787,1861.9489337778102,970.7034126275007,2139.8908120381548
