ds,home_12,home_15,home_17,home_20,home_23,home_3,home_5,home_1,home_10,home_11,home_13,home_14,home_16,home_18,home_2,home_21,home_22,home_4,home_6,home_7,home_8,home_9,home_19
2011-05-11 00:00:00,786.000838096184,1053.5392714348018,461.23610960993415,582.1522772791396,827.4174464510285,474.0813803904305,578.1198576339693,113.0681969478125,306.62110860338765,232.53720229042747,207.06684634837939,707.682272406784,313.53555639007016,194.28703974414157,261.24391882413306,658.5916470589989,369.58351359122236,153.66360936262063,279.8578150484551,98.66661180547636,191.94028366921188,313.9043199701204,1310.3378431922388
2011-05-11 00:15:00,747.9686008574724,950.1193850544008,404.46574675876246,523.5576329811482,810.124755089606,395.61654763976463,497.7661319921405,110.53418664137575,239.971859129435,217.61687923593524,193.71150797112796,647.2451920643651,279.51313120255134,170.25939204050948,225.21643031785507,646.0105353969735,344.62658947904663,148.45937912750992,234.68171661529362,108.79699738275093,226.9429756787902,261.7824399468062,944.2199093196302
2011-05-11 00:30:00,599.1786749576435,811.9531069114933,365.9480302784436,491.3565110507717,1034.923487417447,344.98523891426555,504.01966269681554,105.89400884652507,242.74273111002503,200.4937640682448,206.09378196786307,582.1262025113951,244.6531717175447,151.65005616331393,238.92943988999963,566.278607282172,319.455305893176,141.8080274105547,238.9582961965646,88.65425011735272,248.70697531601502,256.7029510578152,906.304818919865
2011-05-11 00:45:00,655.9954754681836,968.8514786393637,385.33351218368875,468.5866217112985,1067.7877363079883,348.10868140907894,469.0394438929898,102.56341604905613,245.51838274934158,230.92249986830575,227.81031039180306,514.3223258603251,198.82235551718156,152.66912020202122,212.66212189429086,407.93797876596744,324.0212335011568,135.98617510446192,204.21317667371892,88.3591236686707,197.5089949207236,257.1542861955475,615.6886297774687
2011-05-11 01:00:00,684.9252628713353,657.5263521697509,383.6257967502647,461.8963943619001,1059.7171699156822,331.6280543006835,438.45804043456525,93.68474636255206,228.86908432475428,199.992554082823,226.8614091059134,423.17868373171774,165.0173565249377,154.32148477290434,193.65990643062727,355.9492199879006,322.9329366590434,121.19338032212454,184.7612394600899,92.29838498921586,170.63147642704257,259.4011860050403,1295.5043095795832
2011-05-11 01:15:00,524.0086649777934,540.2709507929474,371.0658713689614,456.22590873435774,917.6514286491823,326.0528898377554,428.8602861628528,94.61850250066234,208.87530315619875,216.8625856077143,220.2067599421418,361.19470173487605,166.67261118783284,154.0344626883476,171.78910914368413,318.49554651200765,316.16607840449507,117.05573550500107,175.29040718593708,92.3729111518302,165.18881772309382,264.4360617165737,2013.2601214136184
2011-05-11 01:30:00,425.58515748596983,522.3428714826822,367.96192893802333,438.5652584470166,869.8155163884135,314.82036990605013,405.15781775157853,89.90996289788494,200.0893792442631,236.34541253276703,219.56811602755363,294.679774506024,148.9164905401665,159.95606523940216,171.9385452490831,291.0605374137287,294.83408849901525,109.4745248928716,173.06706439620098,85.34522762426147,163.32777686627398,269.3224066941452,2137.844008291937
2011-05-11 01:45:00,406.8045561190375,505.57819349226673,353.1393078254311,451.1564237948122,644.6554757901839,326.0578577026529,393.61718258872895,75.26757230854324,216.82433762123762,198.57546565935988,219.55957043403708,279.912496215379,148.1428262472892,162.20025691215045,153.6246043997468,293.8976987878599,280.65701361425863,108.54938023611571,167.75396996641507,91.83052725902867,171.21005719069754,238.21870127822783,2019.303127470164
2011-05-11 02:00:00,397.7420277222321,432.3668164200963,354.69312357749703,439.579178090566,575.0114487956295,303.0054856343364,374.2917482165472,72.47091483493725,209.88448561528315,186.8979776876386,221.4797475459328,265.7900100522905,132.6873814877767,177.5233650028957,149.41932585894122,293.91090099886935,280.71161713265286,111.11630379313787,151.13242678706365,92.32466921703752,161.93478679243412,226.41124287854447,2014.9270665727756
2011-05-11 02:15:00,390.15652367794667,437.3828145812009,342.2859948573045,444.7271327044645,545.0704422002548,312.8324817324741,391.0640128650239,88.71205202066514,199.2770443762465,180.22983421372365,222.9557387115713,234.12299440595305,134.67757973523604,159.2960882303903,146.449738398979,295.65083350102793,278.61415719278034,104.68327304083394,143.82860712936096,77.98787747224844,160.32858854142913,247.7299537471709,2034.1050270565331
2011-05-11 02:30:00,378.4118143998117,407.274035827838,339.7771882632156,428.40919935555115,488.2619432853532,308.00208705797286,392.0977389337481,92.42954522950008,178.14234148609083,206.57412000968,228.97093752501968,221.03770382230744,133.52986209310933,149.53564152575078,140.8511500446508,300.3942416039081,248.86053292070386,101.17858472680264,132.59210506792314,83.10260107803329,155.74816017496804,295.52412309944265,2029.329184728768
2011-05-11 02:45:00,385.60788807711253,423.89696974755964,340.7262462534664,448.78397545508847,431.4666460801017,301.1917513816587,375.4847217656694,89.64070955498424,175.15436256484855,230.62013353217733,244.61756774802006,209.69896105799245,133.66210594499248,160.54893414527646,140.26360353504057,305.43189511425766,241.10079214433037,96.24303873468122,130.0216436438658,88.95528302642977,153.74128449440818,254.64689915073524,2053.2338451771375
2011-05-11 03:00:00,384.4885316051071,434.29144388060655,324.2699531706843,442.4875832218429,378.32440507882626,299.2080681960649,382.7362178453556,88.45249747268916,174.612225528744,197.41697990170806,285.99194832457573,203.77493049363224,139.78731704410362,155.09070918993186,140.99228970454215,306.66853829310503,219.76247426417603,96.14695519604903,132.96322588400966,84.11120499363939,150.64057582402336,213.95542479774545,1996.106897140041
2011-05-11 03:15:00,376.19097042251383,409.5002002806346,332.09365323975646,437.7647972342075,356.01807896978426,300.539046996962,404.10676445447126,84.95006342272335,177.83161405393327,202.94684492495676,256.0175235014838,194.38907117824516,127.41769044962317,150.265013915647,138.97021634065297,299.8805198339761,222.05414533645467,94.64398951304229,145.15441012830001,77.89103798789529,149.29236213927624,248.27409810734937,1985.5040555415967
2011-05-11 03:30:00,370.58903384225465,395.7972775638035,328.62728213607414,436.43234853064473,353.4067636818071,303.73298076051435,398.1394714380977,84.59735860284565,176.80082371712052,207.8038980262781,259.28525239479006,200.99914523698467,138.67874404086686,143.81029733982044,135.2478688454539,299.8021482014602,219.74363716024934,98.2970844944096,138.97179902997084,82.23172448339288,149.86175622766245,262.42486185592236,2003.587834872884
2011-05-11 03:45:00,365.7975749682277,394.94525534280643,327.90276972442365,440.21266788449293,320.07726815967914,295.84306645582984,388.7856840092883,85.5655013553729,153.41724883443328,183.68765155574948,257.16474707586946,189.91194779652716,118.7651593846689,146.32280874946753,136.488117278775,301.55932852274714,202.84400603784343,97.95013285127725,128.4704028669751,87.40593195963996,148.71902532064817,232.59194616521967,2011.9342343199469
2011-05-11 04:00:00,354.0013638226695,347.3677888548015,312.6872496177626,438.5637296961406,310.74679791083616,320.3012111038555,360.72186865478886,108.78945258591044,155.42080326353593,200.46586528064876,259.3655687401049,186.04985317816949,128.24270761689183,142.6213530348723,152.0011999720741,301.9732805854945,183.02641911909592,99.72738490790074,150.85496228284276,78.57841039533207,145.14869293130224,224.2013883996217,1931.1571296191535
2011-05-11 04:15:00,344.2833205456597,344.4124920157506,323.4576563981562,436.31461584408834,338.80293442246,344.4126208477877,357.4781405518701,162.48678033401143,152.1092836661619,194.90610617613504,261.2783764428623,193.76493098264967,124.84456165484994,140.5433425684348,163.27865168681734,294.01011262801165,179.70913755469817,95.51249652141416,157.57390794115094,80.50446162617017,143.08771947823453,249.37441433009516,1889.0229655706123
2011-05-11 04:30:00,327.48506052031627,353.3964233536987,340.79924211871355,440.64938160641987,335.8630885832141,354.50004619713667,381.04079679921756,225.16479426568281,156.34608933116772,220.60905840513723,266.491702927661,199.57838578037575,129.30660140780773,143.4246395083926,162.74257258831898,294.85570693991366,182.3432013631985,95.56869896121039,151.43435495972955,84.25832532636352,140.35050895408085,231.41516099641737,1896.0062978278315
2011-05-11 04:45:00,338.30234031947083,336.22245156794304,349.67109383113336,438.3053642705012,344.4866512120377,348.22721561415284,379.15952716795385,233.35550968471995,139.05289812334345,231.02355286189612,270.80368113292184,196.19959572762284,129.96235587834778,144.37613547450124,161.8786923623327,307.2681259213967,173.24834032031993,99.78422363780527,141.7240371510984,86.04457770632784,155.0010457955985,209.56032918743614,1964.8617061462078
2011-05-11 05:00:00,335.66976383944194,343.1122756522991,348.2487326809026,441.7652601439685,347.74914949208363,338.3478529140329,389.32236872789747,247.083666681767,145.31274138641075,189.65066416695544,293.73733561327265,208.88899581672928,123.66022701339867,141.1890981717841,163.6119029418965,305.21251308223526,152.68652364453825,102.7105095083274,142.32814589302208,79.03537200074591,161.35008568568233,227.34535196684263,1955.5682864395142
2011-05-11 05:15:00,346.00613450082255,342.22772424249786,342.6909025967414,438.5612093974307,340.51970431400514,345.8629721804998,403.23465464833635,187.56414339189806,143.05668124906782,196.07943972292352,301.8130605016025,220.73391677803198,138.89013012553642,140.51159367561837,155.478849820603,302.4054567018725,135.75329892550025,105.07318654458498,137.30103752202825,83.01483765140375,162.31667162802898,260.48034761232464,2052.780659023408
2011-05-11 05:30:00,372.0716822702764,319.1823797139546,351.25595562139654,439.6797094725872,339.84890878366923,380.3553504860002,393.31727593673264,158.79943278970515,142.6659007000023,189.5421532833822,289.8259112991802,196.41357387733134,129.10731106178824,142.26563904046182,159.25503520007985,302.8693164992907,114.98169202656649,93.20705779142025,135.43985477460245,82.9108792925847,182.9951439165274,211.07426923988712,2020.5807269782465
2011-05-11 05:45:00,379.8506123609083,331.2059321683314,336.09819701055187,444.69854670656895,339.3287466029631,411.39358798898405,396.2989239559617,153.37056257995098,143.54056745820438,184.51908601834515,258.77340717412346,203.57841223191653,129.66035230682414,149.31151298743572,152.96229465054847,303.485026574279,113.68499771050985,92.4426264820041,134.04362591941603,85.13041744980808,170.16391827618793,193.9454956258685,1938.9223376448028
2011-05-11 06:00:00,379.6959824901955,317.1568063441794,327.8217131682774,437.0046685976095,351.448171869175,371.0902504765737,424.73835496172694,164.06572556545143,145.05881369372446,235.5169220938657,237.85185209914988,215.08185531648635,128.8357945370265,157.43846642924012,150.3911082100382,301.9313859101743,115.85377421014982,91.26896048118728,133.18470425266358,79.78088870732779,191.25219865591498,247.9573264251938,1867.9137469810457
2011-05-11 06:15:00,376.72632098530977,311.2105028021316,327.6170817650301,454.82933491028086,351.36698211542534,359.89931022363476,411.7216250728165,147.8522703528505,145.26553407541968,233.61052790985892,222.84868261809876,217.36606161639116,133.18050131997506,177.79950818716884,149.09832695585462,307.52550872557657,97.83480464177818,101.6054642506176,138.14967886968236,85.905652970401,190.85998034870906,285.73467269461815,1886.4460198674385
2011-05-11 06:30:00,390.0195679721595,324.142591409585,327.72510451403855,464.8532479104919,326.0541772032187,371.61521364373147,412.0182584630327,151.2026709812374,146.87772622176482,214.49194866372252,213.10886270046316,204.21005259633552,139.6722880302994,239.8466932919694,142.91997688732278,314.67860301968886,92.95636941219881,116.8320158777193,136.69628082104308,81.27441936536039,177.2644721758195,215.10125243350475,1903.0136029920316
2011-05-11 06:45:00,381.3334107031458,318.0712591803061,317.8379339462698,553.6156295299681,306.4891563751202,343.7726601597849,403.6026907298462,160.27192206445378,149.4291488741482,224.48113894973457,217.12591960404905,205.822458359431,138.6277835347323,242.87555641641623,157.1417722797622,320.71568685371847,97.48859099516423,92.30831207036816,138.4618493439052,93.40738095654812,172.8252180590704,205.7963650029183,2153.7229765648217
2011-05-11 07:00:00,412.3567334728068,332.92254682996605,337.0659503333606,1026.983566884494,305.8980338224799,408.85835799126414,495.31985796639395,182.30684788672113,168.99024137452062,224.5319259049421,197.08693071880603,218.20856885693948,151.36764809781408,247.4453405059178,162.46846328702586,325.6039760932996,106.88541630874698,91.78710945058378,142.47979949580315,98.20022787913445,169.63585234448416,236.11158827178716,2092.0924343533443
2011-05-11 07:15:00,448.4082765901924,354.60658982496756,431.4416643384538,1084.5452264833766,395.2604769860491,326.1062441110996,490.4568871210364,196.31260991757298,152.8733102845015,229.3145947577507,176.6345496527868,234.60299914118085,157.20293115079326,231.65058633526297,172.28024318238172,340.0486512744509,122.96788723958748,94.01891900088513,142.76007407726513,92.58030182557833,221.90846819912403,304.6609490885283,1995.0423414765114
2011-05-11 07:30:00,460.4047724770971,442.51852319486966,983.5615514667151,803.7578529766951,582.4094020584007,348.09933764519843,479.2530572974808,167.47032850540583,154.95392548899434,220.41179045584926,178.19465662558585,295.04390801401314,157.05904667909903,197.75486152496492,196.77334443075097,347.45732558612536,115.46538777001372,102.19236177011673,149.3367795202105,91.36960203027579,188.2322212013246,231.2798157953094,2049.6608596404117
2011-05-11 07:45:00,547.21415046109,527.1499181583013,1403.1596111384254,857.5871360633056,573.756022711769,345.9022208941404,478.1343811505786,171.88345958041847,150.7604255599805,283.97544895152856,182.28856947778465,346.85322430294224,151.61046877810162,321.1206741676853,195.3729388274092,354.81696514597485,102.97853448276473,122.03041575642912,156.9370150453558,126.44621930166035,162.9223863603953,220.8089823560908,986.4473914940246
2011-05-11 08:00:00,665.250602209771,540.4759440698067,1526.7042306101737,594.8700667130803,1187.933455655254,406.2344220243941,473.3428196460968,213.73280571761558,164.21699472749512,325.22229252854527,185.63946375286207,359.1211046048735,156.01973332064546,343.331899302786,175.69303756948977,396.1203579300826,109.61420952701249,94.6968024225578,156.77026177929756,182.668207897067,158.63567867361974,254.75783555090877,572.594791179749
2011-05-11 08:15:00,704.3223328433684,525.4098932965691,1418.339382849245,549.0771864281764,1532.3546826306867,397.6518497473776,535.8156592305385,166.25088370977497,184.4282915525978,330.3198365674906,188.70881295247767,385.37099899754617,221.10546639086283,370.0030240381559,171.89813097570803,464.5369308359616,116.28386748105315,95.38507384645686,151.0417238938389,200.77729830035958,161.45708887548918,228.40836708097555,632.5200328788908
2011-05-11 08:30:00,713.9096081781919,539.18678860327,1342.0942285860276,538.1102212199206,1403.1578137266313,406.45630677040856,587.3246077998825,171.0836850246407,179.443497825663,330.518725070546,188.79778843293258,370.9224065817284,181.34083336261864,315.29123702800194,192.66433615006457,472.99912341232704,124.1265599606521,95.9315214473021,141.27622462506207,185.74750549211973,167.5735847465333,222.34989610213034,649.9312979133305
2011-05-11 08:45:00,678.8901652121709,589.3239956394833,1357.8205108457846,538.0671893253896,1377.103717458392,435.4007686332589,599.9694275219209,215.7513451980802,165.64326784411625,302.7046242423579,192.50409377058722,393.79930885949256,174.84604907397764,368.5103674569464,234.55052040894168,486.2706243107798,110.75918095448844,100.67832511334643,153.63643795065926,186.1760432388524,164.0147241010049,235.76189994764985,618.6889354201473
2011-05-11 09:00:00,705.7993439291663,582.8959547529809,1424.5969026197072,523.4058946467343,1371.6274025467585,410.75714048078544,616.8270543331582,196.68252342918018,204.01451456452665,265.61205772986733,195.61450564684347,472.40724607925847,175.4021071178321,335.2258656085535,203.10714936210022,493.09591503586273,111.12470747510046,112.19769970413358,174.95387481575085,160.9149494312247,155.7079933627449,252.26387205820527,730.1085282397112
2011-05-11 09:15:00,667.7725085371843,584.2126212311465,1476.4070698112887,538.844654214228,1438.2491603552662,418.40945452053575,586.3838553512813,174.6784747435263,225.38971518929802,243.7458534087592,189.68124501350536,495.90434920824333,230.77137535119542,298.4740231043037,241.2236430918802,519.0691745828092,108.69802697214658,117.13630017241424,167.14188164526794,235.40478580880395,180.48021860917842,247.96273927693085,686.5140881693372
2011-05-11 09:30:00,606.4741532386614,611.6798262290858,1482.7332352700498,546.9498504347025,1436.8395121920807,428.0355778158714,618.7429858249441,160.31944288272274,223.32652282881617,268.51367306901784,174.0103185148959,427.47781937813534,236.2841786466958,318.1244066718862,282.83688956699194,506.2324428072236,122.04019346625128,130.79906167862384,165.73946311940136,196.39393911835876,200.89070391453262,234.46534819964495,576.717051116544
2011-05-11 09:45:00,562.5033819797484,595.3273270876052,1362.4429670376664,558.4797943223814,1337.243537001707,436.4429826608147,666.818002556422,157.16830947739157,226.0543107161779,254.03922429812437,169.0874034837677,429.13298099280627,236.0174445978999,372.7519259499313,270.77819149770505,514.2472415182006,133.4213750394993,132.05608844400615,198.2670136572306,153.60697327305462,209.73918081651587,324.16339360227124,529.7702497490919
2011-05-11 10:00:00,530.2531015586572,515.8804506912714,1315.093207964556,530.5180376060155,1086.539131191683,444.6176261594716,678.5476130807446,163.29653237887206,252.21078785436873,288.2654175804702,174.7211085969837,403.7222029170478,253.078054524827,308.8626364763365,267.3086977418488,504.17279862304986,132.04611941387287,128.40405506597443,209.17986213059885,127.69602356346176,211.74611045839995,303.5450276548251,557.06457703357
2011-05-11 10:15:00,515.6873429623654,524.3848305764349,1321.2106575882976,571.1947884932786,1055.2153108898622,465.4447501520149,648.1767809309016,151.75024384472283,261.93571803507626,239.17112108912482,194.30549987459588,418.27884290205805,273.63397288071695,269.8248430034195,300.87281662450914,501.2226997708125,129.39280216598704,150.96603563461372,182.79219164860737,128.6567879682867,180.430179287627,246.47150519509302,575.8330930528641
2011-05-11 10:30:00,520.915981998386,556.3029501045762,1317.6021108331934,543.3296864641958,1094.0563370891437,494.88458988099876,612.3369418719267,148.42797904926238,256.15228693558834,275.2204179790242,194.19893262328156,345.47548172474524,267.4911504150057,264.39671854199116,291.64103649768754,523.4707291074419,125.7928449334842,148.11612646844543,184.52808782624143,137.9631402262725,183.82498628743568,291.11438681941144,596.5249222367227
2011-05-11 10:45:00,585.5618685262654,561.8689303000197,1291.4296650792107,586.3509403975416,766.1319231906662,491.01154273466267,618.8441901765522,163.04110292391275,280.4284560412378,263.3106048364784,178.9894105570077,325.90943036636156,264.1036167493534,303.9098267361246,277.39928530800034,511.6449377228176,125.45667188732921,167.0849089468448,201.62153613228588,110.56632032225843,193.74520969246615,335.8620937308322,610.3565128624213
2011-05-11 11:00:00,660.6330359096686,568.3307743158753,1300.4579275190645,587.0804847065873,820.2849848577666,516.2785609098808,672.4715597630178,175.04599339674627,270.11703847212175,254.34057665974316,184.3064904703292,316.8731957738935,251.1610726201788,293.6423458279612,281.4602436093217,507.1148837583959,138.2124626921145,174.11968509513264,186.54091805082123,108.46470255978011,198.0672681531389,305.3857191210819,625.9691707858905
2011-05-11 11:15:00,686.6749182911457,575.55527247453,1257.4130389617426,603.0887578909466,974.1112607792281,522.9481445041179,674.2486323744373,145.32586208076086,285.5606053129672,278.67953822982963,207.1851495624807,304.4528451926375,238.90185785548508,284.988375500675,311.10701727108875,512.526413815173,150.6001185765577,184.68868621335204,197.03673857638725,103.30425779184,201.60740730196494,261.8733754608587,734.828921550433
2011-05-11 11:30:00,738.319362022967,512.6895457241607,1106.8750047670792,606.8888004833389,1218.1301817802264,553.2966924736027,634.5903143607468,170.74212182986602,280.6058552233698,263.62805369855386,202.01630092469526,284.5943591795754,262.09102883767304,292.11401934713524,290.2461040692513,523.5587396270453,139.75256391341367,193.22804488931143,231.3369119707383,101.60423659674767,185.36276317114078,271.26508679829595,966.7194729444027
2011-05-11 11:45:00,752.600937120195,496.27091075892935,697.6627840331194,626.4489548802666,1191.085517353232,563.1630632873749,652.6295787705576,192.99594760521765,294.5783992018674,277.3351780977496,190.29932702604083,248.73580131458672,246.3947371673419,278.0629178491104,300.98251374733695,507.3230250556576,135.04860098427056,265.5895004776654,235.98256838259326,94.33249001757414,177.72657382124106,314.50111701201604,915.4244132718237
2011-05-11 12:00:00,770.4663764544841,515.7154589948818,625.5614082400582,668.7234946831694,1121.3770557212652,622.006161547766,646.3417329271201,212.34956485270922,278.8287304611385,313.3274719333381,181.61838602685125,241.6681213479883,236.07672084272397,255.26114688374082,266.7874841028799,504.11974539820835,126.0731927497982,291.0941468763224,212.03108251612255,95.27329268286327,181.59536966099185,291.9129766411218,827.8915041991562
2011-05-11 12:15:00,771.2959390774789,541.7730735590793,673.035082880976,677.0538543595004,1096.5747445080385,577.2246084139754,705.0282921733005,233.5099383374921,260.7864816223292,299.06895818910596,190.9416651713804,250.20232792461312,277.4851174088574,242.16087953436923,261.76607825053935,510.53147380932575,141.0290965347528,323.81268035147485,223.32385427525355,94.85354979739036,187.89656997304002,260.8670806192498,1134.8993074078978
2011-05-11 12:30:00,779.7701027732246,550.959069027525,769.5443275740964,746.6279074554435,1075.924244357148,545.7796265189568,796.8035121341222,217.55983973664522,270.6981990087445,294.90068903956507,188.65559827711263,262.9685456390451,257.5502300455526,224.63352680834637,255.53405188190501,503.3387372980928,149.26420243603548,308.4259310431341,223.80106864196452,91.61260986561457,180.9695934419238,258.45681868242474,1187.7747878136279
2011-05-11 12:45:00,743.3978056266161,532.742518514772,841.4705266825011,765.7717604359686,961.0300463162872,547.4778213065891,836.7297390664479,163.3500782754092,284.8841571639473,332.15533530093325,183.96530532111757,305.941874530617,267.4942468222486,267.47290421684454,270.0367776706174,490.19031171836224,139.63790158407164,249.0123700797435,206.38719754435425,90.08584868307337,191.0140514075844,273.07804097866205,732.7936743967773
2011-05-11 13:00:00,723.3038169695513,524.8058679257475,957.1999143294125,654.2637341412471,1120.1246714808763,726.4158696358801,846.3716359338462,147.76736336148366,274.2557134785795,364.7515015305038,174.08411931195158,329.2611302580969,244.80630186059463,259.1236836632737,232.4769513231779,454.4561609051494,129.6251830515059,218.31121549364283,202.93122079617086,95.70437625438399,198.23436254642354,260.6640977301421,765.0171306607443
2011-05-11 13:15:00,705.9220093206151,553.3606777126178,1045.3251121969688,682.5992097106289,1104.6405239605413,708.2867182083493,910.5771260300961,127.3492363882822,284.7543246201391,363.9175968922711,170.21408985304652,344.81990603216656,232.0655140275151,266.87587094677053,220.23229937333497,550.4484478696608,122.24133490088288,203.97679189791626,227.02050124478978,99.30318271425392,216.45565613090866,269.6718482302408,893.0401220882975
2011-05-11 13:30:00,712.0924182267739,533.1490493770096,981.143592219304,633.2655571695549,1114.9966779059093,709.1312254450071,933.4450442980851,114.14204829056001,259.60039597550156,343.66861117666673,196.08755192428083,318.2611337517751,255.0658707227607,246.84897668614647,232.3346056734818,618.6014756944456,146.03700914933216,192.82211521305942,212.83534138781704,102.94091683230596,210.70390113179766,293.3388423090938,667.7639425181295
2011-05-11 13:45:00,736.9184883227508,555.9651694503672,938.0556187903792,645.858759441567,926.399655047328,629.2150040204077,855.861325762075,112.61640319043735,264.4345087378137,353.8513254731909,203.17963270315425,333.87130999615965,261.2550332068808,232.62663815345618,213.11781769192234,535.2896107201948,156.39778456690883,193.40977018659515,217.9574186051603,98.11685668819152,201.75494868721373,282.33642914308354,634.6895061501033
2011-05-11 14:00:00,707.318890098871,552.8797196043002,927.7294197553935,605.4885901550824,1033.677541424655,652.3168502842605,745.6116274451796,116.96434058135725,281.9528760957069,415.1802628356773,203.48023251740617,371.1599554935759,276.36431221037464,222.03993395811233,205.28053607867932,483.5343827221298,154.40410051703202,164.18946716908118,216.22804983515235,95.01092509208424,200.08638159907366,288.5940801613698,605.5435999684806
2011-05-11 14:15:00,651.5829610729136,539.6310224260578,1117.8312089305407,623.5704084849061,895.8700837393943,549.0185242390497,674.203209756301,116.13134081844544,288.34366155713917,392.0337731395771,199.03813296086923,397.17399925988303,377.91037173296365,214.86940944935932,202.75833355978688,406.02360893395365,173.68763390267796,160.01419725281391,202.84159820876775,94.50654805646592,204.64302393662848,271.0728698757261,623.0843102910678
2011-05-11 14:30:00,601.2066397232475,507.87007813352875,1121.715208305403,643.7250873995002,617.2817242151525,542.29988648391,722.449451416676,123.43786117028289,279.5170606924843,496.94472064211334,208.1976090500166,388.1535919220429,379.8616153790715,207.37299547267278,207.8302552518859,382.234203366976,179.29075795031042,157.27742291207622,195.68417972482638,92.20442843783945,200.6764391732875,276.4698779167312,593.7705736871851
2011-05-11 14:45:00,595.2937013308704,529.8009381028803,1091.5916490719324,674.5127674251987,682.0168458300582,561.8625000540985,759.6069284292776,118.43720722638322,273.81770207019366,534.4993913474658,263.0046332781311,388.5915129262471,306.4461472606644,206.87097497735252,201.7945536670428,380.68543071827867,169.09283188552058,152.11940929638803,198.29210115492032,97.93855701525607,195.15223217449227,248.1654840436224,644.3163191703856
2011-05-11 15:00:00,587.9228694038424,527.6668873073719,1067.205135609007,628.5092846515621,719.7891160454725,611.5879922629313,771.0084062137315,115.31224634999681,286.15336363083105,467.813796711229,308.8898571058747,448.44697290531843,257.9249563199774,221.2165644788432,206.68451119948568,372.4032322571993,199.40627544910242,154.02688573660106,199.97604038554923,91.47943658390398,199.68190125783008,249.38773437234877,1005.6993237537397
2011-05-11 15:15:00,568.7984710458039,510.1121020649558,1088.0179522841474,717.5695207052424,727.4693243432665,597.7247098106259,694.5068863235797,101.71798823857777,323.59094699007414,456.12359351154174,336.31492369621867,437.5936583884446,243.0028668428194,213.50037696168067,202.66834656243074,376.79111968850054,213.7755750550054,155.86249685027127,202.05257279324672,92.58826058877439,231.47799998615622,269.1196614972178,908.5152875963388
2011-05-11 15:30:00,538.5933473712004,527.3274908447191,1083.8407247277037,708.358058122669,764.1575116158906,628.2981656338821,688.1647385233715,95.49252642026049,298.01194919619473,408.5362486397356,335.4506561423131,366.6106372506862,225.98769408704348,206.76198639048485,211.7791517280214,405.8496213786481,234.09880417939354,158.94484512775483,230.95711348800643,88.74305406661665,248.6176133376638,279.57559821923104,890.1768790564247
2011-05-11 15:45:00,516.2949735398375,499.7465042410713,1071.9338730649092,723.3716581679848,810.574175836805,660.2093028318502,695.7136003240292,89.19228986240127,286.4065233266021,380.46105238453316,399.33286303349604,368.17082388756546,237.82090788737537,213.95956254373073,214.4792455074588,444.18964931979326,231.10327581889499,139.59083288934613,226.76335034709828,99.28103748684826,249.76934030923627,249.23377368318677,820.6219897058847
2011-05-11 16:00:00,476.99686424943064,485.749662863898,1026.8641783989767,739.5234397186563,777.4984832615678,675.1636665673306,674.20949448331,89.80708305456125,286.51568371918955,382.0266414289077,397.12760945685415,321.46857407184285,220.60761175447612,199.95399512656715,218.43158137796064,447.9409910330479,242.38651926511906,155.07366655493385,199.7417386417025,90.5911415995733,248.3887342442635,244.08577485023594,1090.6428003599433
2011-05-11 16:15:00,485.25064272602384,517.994263695945,1028.6311320010986,740.7577591668661,752.745447813673,658.7100315282023,679.7792274138566,91.44712726274959,279.34372605136963,421.9030068371189,402.2934923973524,368.447531551695,214.811614096714,192.87940244353604,223.98096759404868,422.03869330560167,246.25136368503053,135.5735466077955,223.25396565749892,94.81963168674294,243.9329010227251,261.6317855869892,1153.0367075154359
2011-05-11 16:30:00,499.73155992389576,491.5369284095598,1022.7838759328039,750.4962449966009,701.880674163349,619.5602684967939,649.1530373117379,82.58498384813389,268.9600423454266,507.32377591547487,400.8350642103559,386.48878792341606,213.9903472129691,194.6412436489716,240.40303374734395,462.8542451511734,259.67733634999223,143.2638720357418,211.64549366940432,89.60873737170338,307.1062572645786,248.4279550632749,1153.375914147982
2011-05-11 16:45:00,553.1355159790677,488.82738480076756,1016.3322012864111,761.418179527439,638.7273341257031,621.140369313261,597.6467932881801,118.55232908720176,270.7291702302398,587.2643641678043,409.5163436865815,346.9554889384518,207.98496195276056,194.07435346782668,267.00379771481494,459.12600391607384,241.1689022288681,147.5585825046536,196.2160767515284,99.5032934406925,313.5434922892008,238.62970106884922,907.1844342238577
2011-05-11 17:00:00,603.5028772916769,538.1257720976519,1008.0070253474399,814.9299190857428,609.489089684774,618.6363643670317,602.0125240768275,106.90457884966595,276.5101640753605,516.4014846190299,399.9267766613152,362.37390529181584,206.64430951772758,188.8651245746428,264.0967541795842,410.8087149679222,229.68616675095834,153.98278284295293,211.6662724631393,92.38668632421573,294.664956267899,263.4106385553493,984.4483425873278
2011-05-11 17:15:00,639.5676951118442,499.83789356263077,1005.646395852956,911.3398753045385,564.9701824021681,629.3439650203841,607.8653891780579,100.29135517916069,289.1340894610217,475.06481130139844,431.90551422486857,419.55375807388145,172.54466843078274,205.60591795940368,302.02132095835424,428.0727436430224,216.53437811500976,136.28634639716205,293.04190899690957,89.25036596369831,307.14418072267347,265.3080391704604,949.5410435845339
2011-05-11 17:30:00,712.15750234492,498.7714944396852,985.8796723183208,1017.9773565149401,533.8307926597715,653.1655049556389,630.8806363858839,106.8742535542699,264.1249088564458,420.34660588198574,445.95952801719534,450.65523912662275,171.16934464240802,213.2526575105935,366.09958509975735,445.6165265217465,247.60929886815953,137.42182748677698,387.0580643157438,97.39302820461016,307.7890764095322,244.28998716090973,857.4668616517404
2011-05-11 17:45:00,777.5141012255391,535.2909682374991,977.6226538402111,1018.837712194001,518.9353030639102,656.9818412026125,623.0073246523591,107.64650196658673,272.85541790969654,442.07502943434395,463.20680156681954,405.53944309239864,174.0718090226184,261.4687289988506,373.90519573385774,447.6574235893762,257.2204878401856,151.81786304383334,413.51373577790457,95.86938442033838,272.34791491437767,250.03240939529488,793.1467834744476
2011-05-11 18:00:00,798.0319231798869,601.8209431742662,952.0599467433238,1007.5496294831757,564.9054745733837,749.1646142874423,629.2847217741086,97.31013881363359,306.0363361367147,431.20734178807123,452.5979423725537,463.65910429556624,169.30336846956055,249.2407046230576,414.6674163687069,455.6717012683377,251.124202752772,150.2673704115855,357.7672000032639,94.34823672650374,258.9573098167662,291.536464018142,879.5114842363088
2011-05-11 18:15:00,874.7767526586337,679.1907760736469,569.0657023474904,1026.7123337222727,561.919782942056,821.3169958109814,593.9713697444258,97.75894781518613,310.7172988512627,396.84029260021344,408.8623317272951,436.3276006212774,245.05377918811843,292.0958746401549,369.99018074724086,464.71336954682334,247.4964127116118,146.7552610501857,404.28062892705736,93.74715411358292,295.33997156564783,268.64459450651265,925.8071200343006
2011-05-11 18:30:00,858.3588213574337,802.2039429259531,477.10113514278726,929.9682079569659,526.9966276372895,904.4346135486708,587.9279503979025,103.7627960459625,290.4579885057049,379.4801683952448,424.9775631033032,460.11621694467505,316.51238537019884,343.40389565953785,376.83227540560364,451.97029561809774,262.62256724197204,150.20509553292385,283.19515090399375,104.048175426903,328.64807767204337,239.492956421009,833.8839402097269
2011-05-11 18:45:00,881.8307996218283,925.8856890878391,485.5512249707679,980.5044411122794,514.1458484035635,921.4636621691619,589.8669037051808,122.48488025933011,288.9792141302781,396.2072347695623,449.641296468541,483.6219526103307,377.5148523436332,352.49702744904965,362.51506348061184,452.4075844906731,253.02691271052905,176.7176335685601,267.3992217374353,110.84552007925834,306.7193843879768,236.67705277621604,795.2358449417511
2011-05-11 19:00:00,983.3695481431977,1184.7848102124128,556.1599984533283,1107.0018563168994,583.7579667400829,1228.7407978516605,610.3394903614275,124.64552963733145,274.9243184706447,395.79401948552527,429.9525489685353,514.4305281144651,294.4146071364076,364.80057667232995,383.9135370565726,451.59543052515465,258.74492056418893,164.17364286117166,258.54071753499534,104.53428769753289,282.80219307253594,282.00731580511695,664.6047168350777
2011-05-11 19:15:00,957.8204873377922,1233.97791420763,563.2962752912032,1162.6940949481896,618.4982875528525,1267.019963710144,602.3198037504443,131.577495763944,279.7083404779017,370.91130257287597,391.44956225816395,489.382306085696,345.4869000311045,414.30928809117194,407.9716531830064,452.2785462351536,258.16430466984144,173.4231999531137,284.43500212701963,111.94227222632361,237.544594010872,284.6159993282584,571.798055611417
2011-05-11 19:30:00,876.1299396146981,1016.3151228959729,559.0904101425793,1197.1862888435342,727.6001690978952,1254.3448068274183,606.4488237310624,112.28236331665005,278.3050328220938,370.3974873461866,345.28896724529733,469.5828102234247,352.8714758204905,437.65295562714556,410.74560372883496,451.59152620930126,252.30512248925794,196.8011264907891,290.6371887159063,146.2557521824463,247.709340973452,248.5033944816252,581.3920603696215
2011-05-11 19:45:00,856.2071441998187,1000.1413142839109,581.0919399096607,1309.8612691438714,868.7845575609214,1222.9895820305123,611.4509395335641,152.29635251183038,287.3094711635522,353.9439243722021,329.03972101017007,474.15837982485453,377.6332305890038,470.52635574295607,455.13292315618486,458.0672945124516,264.5399309495799,224.76239339887542,272.0751292079836,143.8004409947749,264.75413260860665,254.18677187014296,554.430889832449
2011-05-11 20:00:00,815.99467358123,942.6401482787228,697.3222232622627,1311.8049836431242,1011.7685928076668,1250.7750573266064,651.3103755780262,145.9490819048899,290.29922020298403,465.2119220631351,314.64510070233615,498.0563829815733,350.8830012250471,477.8209879511994,449.1429235897495,445.67602539274975,291.76578324388794,229.24020222946515,289.8708622317638,136.79664058711137,277.3127823685858,271.23612092971706,587.3314279299987
2011-05-11 20:15:00,840.7615924397446,941.8289470482524,796.4959286910997,1297.8270335240506,1054.851833620377,1222.8709539578165,654.8113424959797,162.18718085319975,301.27511047425327,397.165798174385,273.1996392054579,517.209868996159,362.6600384273661,496.32690977501375,459.1265491097512,435.13488384221455,391.9795533552598,226.21629625116935,350.34572228597284,142.57875434661503,232.16725645129884,251.69762467544342,519.3720456750964
2011-05-11 20:30:00,862.9434163984477,975.7874040019128,872.6178779786668,1284.0650430188557,1004.727701065244,1057.9903131364943,664.2663814478922,167.41933499924534,288.42581883999554,385.0629933302745,254.6493992119006,545.8320293278333,362.7368458192986,506.5414686541714,492.1542002291008,429.1365886295565,443.4015690104576,234.05061336683985,299.0751150536742,157.3899600135055,301.52221392824083,290.67892539055356,545.3791834553359
2011-05-11 20:45:00,874.3574039340527,981.5474442927574,908.5965960913978,1358.15727651,1066.931211967499,990.4139081051947,681.1585207172413,181.0028635970504,322.38649210941026,397.2783124601327,272.35484908787953,579.6909047157731,373.70943248071336,429.6699483048566,524.0436401441738,420.57304953880976,445.8153221894145,238.93602558600733,324.4440774163453,152.13474420181714,413.33971342707787,316.71097701061774,661.6330321632621
2011-05-11 21:00:00,931.5753887447497,1009.2074230358645,870.4574067477255,1393.9893921657078,1180.6205690590862,903.5416677148011,682.1106511319704,180.57917858449554,332.88238307369573,355.0157687765235,300.5671886634199,624.3443193747654,382.1450324195924,512.3766260013648,544.6255595628081,492.84184593323255,394.95299286293454,270.13588282621885,315.1686140792251,161.35988135571074,367.6179310799048,296.4172035020216,541.8314469733665
2011-05-11 21:15:00,888.4155310937836,1052.092490253813,896.7568745002247,1360.9855674856665,1215.5667876189727,943.6058907893254,744.0931164026105,176.48832490474203,350.7140963934132,347.336676830667,299.9651922278108,650.0660967322591,309.7836973208977,491.4973841528058,552.3969308231907,512.7758732208166,373.77130126435736,324.00822593524225,299.8205610842364,159.42090094582505,307.6300691221087,288.99853692088607,555.7461785916263
2011-05-11 21:30:00,1077.1000837750923,1018.9032664767211,870.4917278060683,1264.1744820146794,1216.2901720508623,913.6630853491795,815.9596010190271,161.55564862383514,318.21520531902956,394.3457442373226,283.91823769751045,662.9853990569566,373.2141978405587,445.30263450423985,491.14386292591934,445.05447867588015,364.68670859014935,327.8590828910045,306.627273721116,143.62910182410369,317.9233926752383,315.19302116931135,498.94130079329864
2011-05-11 21:45:00,937.812577925361,987.7958249200053,816.5998675392989,1213.3756015694257,1021.4824375440216,886.4973108459131,766.9377066641648,152.68827125800433,331.03967846329977,382.71717622638596,277.12339471588643,685.069650874296,368.32039634192665,414.656675845519,467.46588720146843,409.7873778242137,389.5982677762382,288.9826692742831,342.5807530122568,147.68450036167482,335.523963147114,329.8201513665758,508.586185584536
2011-05-11 22:00:00,979.6201765517428,926.4174790736677,757.4078426506134,1205.1457434532172,914.4105849111795,787.2406686230369,707.4361796506239,145.33267937172852,348.2563313920283,390.34255809347405,270.861690971567,646.0752217884726,386.07391682256247,387.4415732884969,508.58872332281925,435.4952251923049,408.10968310249547,263.56024489433673,337.76836913158553,134.88823699514217,388.639297234029,336.52140419767125,539.5528024216716
2011-05-11 22:15:00,984.795062267713,882.2187911691783,710.1461743496857,1169.0245934259578,876.7520909979029,806.3360550462403,673.8021992119434,135.29440164864866,346.36555416202225,376.7654463066815,252.10884165321215,663.3978800814581,399.6800263757503,358.65076750529505,525.4558896817489,464.4081540770492,436.27605298107613,252.39013268786078,291.50740917479925,134.56806457770574,361.2663672595486,305.2978582353162,555.5975649854371
2011-05-11 22:30:00,978.6007155269837,876.835573297269,657.7884999718873,1104.6493148316742,789.6386289565587,782.9586522527374,698.7166450476146,127.41030089873033,343.8201059882789,374.1316333848999,231.38926412259494,688.0287645666775,415.15209265153464,353.2851954883828,515.0586402780647,490.8375232518178,439.9735711885443,252.41232137667848,258.58367072937534,123.59216281210256,358.2890494448129,325.1638051527378,600.3085968679925
2011-05-11 22:45:00,912.6062351342842,889.3883988561282,633.8536882738761,1024.9304757650696,826.5580082250888,762.8948661548646,683.2075766720279,115.25463906867502,339.0972275660598,325.1812288570175,213.04283224821248,667.7924738937459,437.7528790961181,339.3769128599188,495.69000675640046,546.619754892983,454.533944758249,236.5647043003672,266.5983304597872,117.95465089344708,352.2654694599859,354.8671759459819,633.3674979085778
2011-05-11 23:00:00,842.4175216461535,886.1903305347066,609.6207245526169,868.8302965271766,835.9180270133204,704.4158006334967,651.8547489244849,112.70452785200402,320.3880406088328,328.83175201106724,207.1136735521349,672.4927647530594,392.63041028302064,290.4385715201933,467.99320551140863,678.184349123486,446.8010786737955,223.03058380128954,247.47460536574437,103.44506567543382,380.3442626590497,324.64531180409006,1599.8359902881182
2011-05-11 23:15:00,802.3800185736409,910.1486340196651,599.9903063223211,822.5021951789057,717.1420638976462,683.1871244475858,619.9502636502771,110.04304295354139,280.35873828441396,304.7747736524175,210.41072369899115,696.4754206155893,424.6151215567973,259.38674524176844,433.76354189703596,693.5225561727174,450.53310813067816,202.65482571208886,249.20736616375453,107.32273520409211,383.72079676472674,297.08203772623534,2527.508847857561
2011-05-11 23:30:00,728.1813362340862,944.3519584519224,574.0923517926137,749.2564559599523,707.1629098850536,639.0483275219227,585.8011103118777,87.69740699890689,293.97454963560705,294.1220205229215,210.90304630296015,677.4924716379352,376.35562419595107,223.5833893244661,364.12075289514667,712.5408238727675,432.11267207446906,190.26568690033452,283.236539066307,95.94218396608011,350.5658161020301,321.593283252639,1033.965147010124
2011-05-11 23:45:00,687.9685527593741,1072.4760929556119,549.5688026484715,661.3793676084441,668.86806490235,595.0755976680769,550.4243200836495,84.31333536926884,293.29002745668384,290.31644987501977,218.124885015967,587.2905198947722,290.2281268472383,187.85506349439873,324.4441754395643,705.2633696662782,379.9279430739722,174.63818090815985,269.03980359277386,85.14560251186226,325.7596976963141,377.58470776702893,873.6644529699619
