timestamp,home_1,home_2,home_3,home_4,home_5,home_6,home_7,home_8,home_9
2025-12-01 00:00:00,0.124055505,1.4875516,1.8746767,0.8387341,0.47280395,1.2307292,1.5139655,0.92783713,1.3068551
2025-12-01 00:15:00,0.10311389,1.4922227,1.8623326,0.8201641,0.4917162,1.2112615,1.4479953,0.9203327,1.41148
2025-12-01 00:30:00,0.095115304,1.4884698,1.8218228,0.83503944,0.5254113,1.2290599,1.3956406,0.9369973,1.5083667
2025-12-01 00:45:00,0.06029606,1.4876791,1.7578372,0.8446933,0.5494236,1.2364793,1.3110843,0.9747456,1.5877255
2025-12-01 01:00:00,0.079248786,1.4742877,1.7074013,0.88245887,0.59178877,1.2368668,1.281817,0.9921339,1.647764
2025-12-01 01:15:00,0.1643629,1.455662,1.6944201,0.89757437,0.6323349,1.2424401,1.2986987,0.96534556,1.6549084
2025-12-01 01:30:00,0.3869478,1.4678442,1.7131995,0.8925709,0.6755346,1.2572149,1.2829547,0.9123916,1.6355383
2025-12-01 01:45:00,0.6742233,1.4641433,1.7354628,0.9431221,0.71621406,1.2768881,1.3105459,0.8680994,1.6178739
2025-12-01 02:00:00,0.8044418,1.4469006,1.7503774,0.96692806,0.7572622,1.3134943,1.3244503,0.8255878,1.6425706
2025-12-01 02:15:00,0.68786234,1.4519744,1.7286192,0.99018085,0.78779745,1.3460727,1.3661245,0.8074974,1.6975509
2025-12-01 02:30:00,0.4565434,1.4183912,1.6931804,0.98892725,0.7978691,1.3741478,1.3323514,0.79389125,1.7384181
2025-12-01 02:45:00,0.2398709,1.3988949,1.6786053,0.976401,0.8151311,1.3832144,1.3136777,0.78381175,1.8046594
2025-12-01 03:00:00,0.104566455,1.4010962,1.6886325,0.9976737,0.8336433,1.3974211,1.3319168,0.7939205,1.8788137
2025-12-01 03:15:00,0.08896589,1.4088366,1.691855,0.9843377,0.837238,1.3814573,1.3133501,0.78018415,1.9479249
2025-12-01 03:30:00,0.051314235,1.3996532,1.6845781,0.9745499,0.81777114,1.3291374,1.2598076,0.7595288,1.9818003
2025-12-01 03:45:00,0.0774647,1.4022825,1.7099668,1.0076478,0.82644904,1.3137586,1.2603973,0.7550681,2.036235
2025-12-01 04:00:00,0.08214331,1.4300702,1.7245709,1.0513222,0.84348005,1.344435,1.294001,0.7530883,2.0549624
2025-12-01 04:15:00,0.29578036,1.4224503,1.6770114,1.0532635,0.8470254,1.3515303,1.3590555,0.7589021,2.0539217
2025-12-01 04:30:00,0.7110533,1.3917286,1.6142511,1.0630522,0.84973437,1.3647491,1.4339494,0.755818,2.0498548
2025-12-01 04:45:00,1.1995735,1.3813502,1.5714844,1.0914981,0.8788468,1.4028414,1.5501164,0.7594478,2.0422747
2025-12-01 05:00:00,1.4331853,1.3572197,1.5064327,1.0904763,0.8808884,1.3895153,1.5812105,0.75120616,1.9996241
2025-12-01 05:15:00,1.2650347,1.3293315,1.4657727,1.0916033,0.85039055,1.3647332,1.5991683,0.7724251,1.9475982
2025-12-01 05:30:00,0.9824794,1.3054253,1.4289529,1.0519648,0.81839967,1.3433878,1.5767136,0.757061,1.8809515
2025-12-01 05:45:00,0.6532868,1.302903,1.3983699,1.0250882,0.79471314,1.3379203,1.5829234,0.7579307,1.8183014
2025-12-01 06:00:00,0.49364442,1.2764008,1.3695627,1.0431075,0.791578,1.3232499,1.591909,0.7745666,1.7816905
2025-12-01 06:15:00,0.6777347,1.2537282,1.3240778,1.057064,0.77175695,1.2870102,1.5579193,0.79407346,1.7831348
2025-12-01 06:30:00,0.9465831,1.2218449,1.2883466,1.0793245,0.7686206,1.2683141,1.5418652,0.8248993,1.7904878
2025-12-01 06:45:00,1.2127016,1.2154915,1.280385,1.1084871,0.77081245,1.2577251,1.5354124,0.8443156,1.7981327
2025-12-01 07:00:00,1.4166253,1.2144244,1.2814184,1.1629252,0.78609604,1.2394655,1.5550003,0.8787476,1.7877183
2025-12-01 07:15:00,1.5137569,1.2054243,1.2633402,1.2034094,0.8191557,1.2319373,1.5712188,0.9650573,1.7502627
2025-12-01 07:30:00,1.6237513,1.2265904,1.2589202,1.2654169,0.8758425,1.2364888,1.5767801,1.1131588,1.6651235
2025-12-01 07:45:00,1.7576658,1.272326,1.2758652,1.3524005,0.94569474,1.2396071,1.6091425,1.334059,1.5907292
2025-12-01 08:00:00,1.863925,1.3211155,1.3247983,1.4681903,1.0803641,1.3106956,1.7640151,1.4912037,1.5485611
2025-12-01 08:15:00,1.8666372,1.4035056,1.3819355,1.5741963,1.2425739,1.3622254,1.997002,1.6591341,1.5462584
2025-12-01 08:30:00,1.814476,1.4745468,1.4500434,1.6791852,1.4247204,1.4300942,2.2581463,1.8153414,1.5516561
2025-12-01 08:45:00,1.7518487,1.5588557,1.5268049,1.7662568,1.5944761,1.4860072,2.530447,1.9379554,1.5381914
2025-12-01 09:00:00,1.733135,1.6431293,1.5927461,1.8693842,1.7381811,1.5726682,2.7060192,2.0011775,1.5287906
2025-12-01 09:15:00,1.8012805,1.7317665,1.6420807,1.9751601,1.8433825,1.7121074,2.811808,1.9979568,1.5182482
2025-12-01 09:30:00,1.8530357,1.790451,1.6812803,2.0613456,1.9067727,1.8375435,2.814707,1.9563313,1.4801816
2025-12-01 09:45:00,1.9210882,1.845853,1.7296053,2.1734753,1.983602,1.9923117,2.8299675,1.9205819,1.443103
2025-12-01 10:00:00,1.9629548,1.9055948,1.8183949,2.2833893,2.0486999,2.140398,2.8665895,1.8785635,1.3829181
2025-12-01 10:15:00,2.0264897,1.9464552,1.8880439,2.381244,2.112523,2.2683125,2.936285,1.8446908,1.3312497
2025-12-01 10:30:00,2.0560746,1.95447,1.9471488,2.493999,2.1594758,2.3929906,2.9863563,1.801676,1.2604228
2025-12-01 10:45:00,2.1117175,1.9538218,2.009824,2.583207,2.2177258,2.5087225,3.0198421,1.744741,1.2025013
2025-12-01 11:00:00,2.1921115,1.9857771,2.0888448,2.6552496,2.2725048,2.6200647,3.0471542,1.7206092,1.1203226
2025-12-01 11:15:00,2.2622652,2.0558581,2.212325,2.7039282,2.3095536,2.74095,3.1103306,1.7527843,1.0537416
2025-12-01 11:30:00,2.393897,2.139017,2.3252003,2.704445,2.323242,2.8482044,3.140307,1.7563484,0.96238106
2025-12-01 11:45:00,2.6070554,2.2295172,2.4549189,2.7295222,2.3361964,2.9589071,3.2349153,1.8023952,0.87372744
2025-12-01 12:00:00,2.8558059,2.2797532,2.5585809,2.7917767,2.3518941,3.040615,3.319874,1.8730737,0.82390064
2025-12-01 12:15:00,3.2814238,2.3103607,2.6331582,2.796814,2.2711697,3.0807693,3.2991366,1.9231286,0.7908597
2025-12-01 12:30:00,3.4505243,2.3052645,2.6630692,2.765925,2.160237,3.1103048,3.2515163,1.9518366,0.77783436
2025-12-01 12:45:00,3.5832608,2.298327,2.6484144,2.7179778,2.0346391,3.12245,3.204192,1.9647336,0.7630605
2025-12-01 13:00:00,3.813182,2.2176495,2.5624871,2.6116276,1.8982413,3.0682514,3.0950341,1.9130651,0.74484205
2025-12-01 13:15:00,3.6253865,2.0594165,2.3846023,2.4415498,1.7540002,2.9304008,2.9196377,1.7803433,0.718615
2025-12-01 13:30:00,3.4604006,1.8825014,2.1982658,2.2677433,1.6214781,2.751076,2.7032366,1.6289953,0.6648099
2025-12-01 13:45:00,3.335831,1.6954459,2.007442,2.123857,1.5014842,2.5562978,2.4931986,1.4772115,0.61794084
2025-12-01 14:00:00,3.0461974,1.5400609,1.837632,1.9317282,1.3762196,2.3050447,2.2201447,1.3275211,0.5926198
2025-12-01 14:15:00,2.6500077,1.4374276,1.6822103,1.7280582,1.2482889,1.9806495,1.9262017,1.195872,0.61070883
2025-12-01 14:30:00,2.231429,1.3580674,1.5557916,1.5732673,1.1326661,1.6806662,1.6617354,1.1118107,0.61227393
2025-12-01 14:45:00,1.8561451,1.2655668,1.4361534,1.4018044,1.0014157,1.3542004,1.4089496,1.0403674,0.60667706
2025-12-01 15:00:00,1.5129914,1.176127,1.3324388,1.3090324,0.88862926,1.1168579,1.2092569,0.9666095,0.60055774
2025-12-01 15:15:00,1.1933157,1.1045351,1.2650979,1.2552072,0.81254977,0.99611175,1.0924141,0.91277725,0.62912554
2025-12-01 15:30:00,0.81761825,1.0260756,1.2134,1.2098129,0.7509672,0.91708434,0.9898945,0.87281865,0.6705569
2025-12-01 15:45:00,0.49465925,0.9755191,1.1889067,1.2161902,0.7218623,0.8729549,0.9293942,0.85761076,0.7192147
2025-12-01 16:00:00,0.13743532,0.9872466,1.1549691,1.1630094,0.721583,0.7695315,1.0072222,0.8128428,0.7188051
2025-12-01 16:15:00,0.11004591,0.95662546,1.1113145,1.1496341,0.6923404,0.68623453,0.9792926,0.81362617,0.6727114
2025-12-01 16:30:00,0.09010887,0.94702303,1.064245,1.1383716,0.67200315,0.62515765,0.9529085,0.8103457,0.6548152
2025-12-01 16:45:00,0.09418476,0.9117413,1.0296909,1.122231,0.6374351,0.5799545,0.94460064,0.80873585,0.61588895
2025-12-01 17:00:00,0.082832694,0.92006814,0.99049884,1.1029189,0.62828946,0.5637397,0.9051836,0.82106787,0.56841063
2025-12-01 17:15:00,0.08772981,0.91398734,0.9748403,1.079207,0.62822413,0.55506504,0.94278634,0.7885659,0.56222326
2025-12-01 17:30:00,0.10828817,0.8868598,1.033612,1.0736557,0.5943741,0.54816085,0.94612336,0.78546923,0.5792691
2025-12-01 17:45:00,0.1654805,0.87773275,1.0759473,1.030094,0.5606275,0.5429771,0.95271105,0.7687319,0.5659022
2025-12-01 18:00:00,0.21394277,0.86701554,1.0986254,0.9979489,0.55006516,0.5558781,0.99129057,0.766868,0.5570458
2025-12-01 18:15:00,0.22104192,0.9042784,1.0970497,0.9875801,0.57614934,0.5646407,1.030064,0.7622118,0.60613656
2025-12-01 18:30:00,0.16881502,0.92116064,1.0944453,0.9912141,0.6075993,0.57525533,1.0473208,0.7615346,0.6270256
2025-12-01 18:45:00,0.15488958,0.9583631,1.0780733,0.98264617,0.6355144,0.58567935,1.0698373,0.762551,0.65469307
2025-12-01 19:00:00,0.11565161,1.0128489,1.1075267,0.9764294,0.67591476,0.5975363,1.108426,0.7857854,0.67629856
2025-12-01 19:15:00,0.117642045,1.0231068,1.1459787,0.9969735,0.7245691,0.58248025,1.131467,0.8127542,0.6565719
2025-12-01 19:30:00,0.09677827,1.0225677,1.1860888,1.0110795,0.76835364,0.58145857,1.1242659,0.85743845,0.6414494
2025-12-01 19:45:00,0.1244334,1.0293458,1.2132418,1.0306042,0.7935044,0.5810836,1.0955105,0.8678142,0.64244163
2025-12-01 20:00:00,0.14865077,1.030607,1.2184545,1.0307131,0.80173326,0.561639,1.0777719,0.8669858,0.6546568
2025-12-01 20:15:00,0.26138127,1.0333698,1.2060751,1.0082052,0.7677348,0.5566333,1.0769478,0.8506399,0.6603843
2025-12-01 20:30:00,0.47567016,1.0502288,1.1880039,1.0085775,0.71567434,0.55853146,1.0566168,0.8216757,0.65965617
2025-12-01 20:45:00,0.7412436,1.0580442,1.1957564,1.0088962,0.68241686,0.5385094,1.0400262,0.7974827,0.6760233
2025-12-01 21:00:00,0.8845428,1.0582179,1.2068548,1.001966,0.64288753,0.53930074,1.0166348,0.786682,0.7021998
2025-12-01 21:15:00,0.9411174,1.0475593,1.2324245,1.0140302,0.598497,0.5520252,0.98251724,0.8079463,0.72013605
2025-12-01 21:30:00,0.9024706,1.0030574,1.2410576,1.0252714,0.53997743,0.540959,0.9445953,0.81031185,0.7437777
2025-12-01 21:45:00,0.8479591,1.008739,1.263489,1.0461448,0.5112376,0.53862476,0.9511007,0.8166397,0.7938371
2025-12-01 22:00:00,0.7621114,1.0120907,1.3111717,1.0852885,0.49221766,0.5582479,0.9633447,0.8312757,0.8074626
2025-12-01 22:15:00,0.74938726,0.9879315,1.351191,1.1098583,0.4847479,0.57658345,0.9533831,0.8609182,0.8033521
2025-12-01 22:30:00,0.7433276,0.97682166,1.3970017,1.1527829,0.50074553,0.59916973,0.9561332,0.8833839,0.78061724
2025-12-01 22:45:00,0.75952053,0.9679102,1.4406464,1.1659427,0.5000969,0.62066895,0.96782076,0.9151272,0.79849505
2025-12-01 23:00:00,0.7335999,0.9739379,1.471845,1.1718967,0.51096296,0.6479516,0.9896852,0.94649297,0.7941458
2025-12-01 23:15:00,0.6330743,0.97070247,1.4894346,1.1399479,0.51590157,0.67091376,1.0274194,0.9652058,0.8374139
2025-12-01 23:30:00,0.47905982,0.9856412,1.4981785,1.1157805,0.52887136,0.692885,1.0636592,0.99014914,0.8780165
2025-12-01 23:45:00,0.32141054,1.0169094,1.4858866,1.1044374,0.5355852,0.722844,1.0761647,0.9988563,0.9187195
